split,id,prediction_mae_px,sigma_min,sigma_max,rank,condition,valid,epsilon,jtj_pixel_normalization,sigma_1,sigma_2,sigma_3,sigma_4,sigma_5,sigma_6,sigma_7,sigma_8
test_id,full-test_id-000456,19.24530792236328,0.9958202659845989,11.500953959707308,8,11.549226655209665,True,0.0033632286995515697,50176.0,11.500953959707308,7.899358501633635,4.395236188434758,2.430319233462145,1.9932343151603,1.6370188012197486,1.227841093709583,0.9958202659845989
test_id,full-test_id-000090,1.8426584005355835,1.0356267345393417,9.500017815643087,8,9.173206425449031,True,0.0033632286995515697,50176.0,9.500017815643087,6.519612193892379,4.831953218700802,3.137485879000189,1.843394346741724,1.6190797644648438,1.1998075750744965,1.0356267345393417
test_id,full-test_id-000893,4.904634952545166,1.114935771283478,9.380675733398238,8,8.413646754377167,True,0.0033632286995515697,50176.0,9.380675733398238,8.178006661932963,5.454122022618899,3.060656260241343,2.3783232088677693,1.5464939425473687,1.2834966382519353,1.114935771283478
test_id,full-test_id-000353,6.902434349060059,0.6611514966850036,8.789881700695439,8,13.294807233694058,True,0.0033632286995515697,50176.0,8.789881700695439,6.055671406949915,3.2635285013788273,1.680134498995269,1.4177963785978833,1.3525863380505445,1.0628813312114263,0.6611514966850036
test_id,full-test_id-000865,3.134580373764038,0.8099880735796989,9.020012312368474,8,11.135981635513486,True,0.0033632286995515697,50176.0,9.020012312368474,5.622378385178367,4.053850269146507,1.7418853072960347,1.5639883722379109,1.418767266288841,1.0874255123203243,0.8099880735796989
test_id,full-test_id-000348,4.864766597747803,0.9879633935266218,7.392231968491029,8,7.482293389539273,True,0.0033632286995515697,50176.0,7.392231968491029,7.182663734139425,3.44809142720479,2.186934969623431,1.5854029767621793,1.3288312449791317,1.2539971055000363,0.9879633935266218
test_id,full-test_id-000552,3.7524094581604004,0.73348088046003,7.689800538149984,8,10.483982259124515,True,0.0033632286995515697,50176.0,7.689800538149984,6.427153246551484,3.66675199470065,1.9099692243028532,1.700228911349024,1.303047161519657,1.0613555437425357,0.73348088046003
test_id,full-test_id-000531,8.462055206298828,0.8647507622068421,8.978578264091482,8,10.38285093982244,True,0.0033632286995515697,50176.0,8.978578264091482,6.212246267590598,3.158396082131338,1.7446905539631976,1.526443828717616,1.371756455119907,1.075506947457991,0.8647507622068421
test_id,full-test_id-000410,30.770858764648438,0.6640141332422426,8.911456544972083,8,13.420582633473927,True,0.0033632286995515697,50176.0,8.911456544972083,4.729867709153872,3.1006026805388935,2.1520873792955775,1.450720736388459,1.2243463707935793,1.0510166419904783,0.6640141332422426
test_id,full-test_id-000782,5.641812801361084,0.9969004447269298,8.142805829964775,8,8.168123379857901,True,0.0033632286995515697,50176.0,8.142805829964775,5.568729451047181,4.2742080298041865,2.6358457369614245,2.0712669362689953,1.3453330849928729,1.1518378155929374,0.9969004447269298
test_id,full-test_id-000486,33.56845474243164,1.0492078166064107,9.036749683476582,8,8.612926381644122,True,0.0033632286995515697,50176.0,9.036749683476582,7.600851196590632,4.610432604490045,3.226964561492002,1.6072913704617788,1.5108126218469307,1.3393116445505882,1.0492078166064107
test_id,full-test_id-000216,5.812923431396484,0.8898183437684047,8.747570575940493,8,9.830737517608702,True,0.0033632286995515697,50176.0,8.747570575940493,7.573386538807971,3.542893875236533,2.6671327350694223,1.719694726158921,1.5766002645645834,1.3454218974335235,0.8898183437684047
test_id,full-test_id-000636,3.156057596206665,0.5820114066134597,6.601280199064763,8,11.342183544950647,True,0.0033632286995515697,50176.0,6.601280199064763,4.260208115580238,2.7493063258203714,2.406555572786724,1.5518173510278284,1.1452481769210026,0.7284533567826555,0.5820114066134597
test_id,full-test_id-000730,3.3134522438049316,0.9866004586284695,8.096587062358017,8,8.206551083113778,True,0.0033632286995515697,50176.0,8.096587062358017,7.818508017290703,4.0309535324288515,2.6443178593353527,1.9081220526633673,1.3301979121483565,1.3000777362518234,0.9866004586284695
test_id,full-test_id-000667,12.914616584777832,0.7439858021099658,9.512550548742757,8,12.785930217706953,True,0.0033632286995515697,50176.0,9.512550548742757,4.820344194080079,4.324249234214349,2.8350044736918183,1.714215857619522,1.4475426940030767,1.2067425641145615,0.7439858021099658
test_id,full-test_id-000947,6.206728458404541,1.192730195695787,9.091677568628253,8,7.622576842137012,True,0.0033632286995515697,50176.0,9.091677568628253,8.079372825503699,4.61814193532679,4.083887851630288,2.6049259955487383,1.4219833516979947,1.3271602041213961,1.192730195695787
test_id,full-test_id-000068,11.48373031616211,1.0129630980736934,10.884000808075541,8,10.744716000783402,True,0.0033632286995515697,50176.0,10.884000808075541,6.600699906236148,4.513091695603231,1.9493588516409994,1.688120899351794,1.642966114173926,1.280895826997648,1.0129630980736934
test_id,full-test_id-000595,6.5472211837768555,0.9730150134878878,8.180475204166596,8,8.407347359258837,True,0.0033632286995515697,50176.0,8.180475204166596,7.514581722520288,4.02025264010347,2.294594545426458,2.1029734154610207,1.3275590569672144,1.1618331084335736,0.9730150134878878
test_id,full-test_id-000302,3.3231217861175537,1.0366867741585297,7.132265209948672,8,6.879865150915882,True,0.0033632286995515697,50176.0,7.132265209948672,5.873511641014276,4.676552754525994,2.354635455986478,2.0298124358870244,1.297038106489781,1.1783808178031565,1.0366867741585297
test_id,full-test_id-000986,20.379413604736328,0.9509795685173443,8.94774454221296,8,9.408976636757014,True,0.0033632286995515697,50176.0,8.94774454221296,7.393300087035163,4.6076465599375815,2.976428550917692,1.604040473696193,1.4714189304788456,1.373767621035598,0.9509795685173443
test_id,full-test_id-000990,16.01565170288086,1.166257724458519,12.484317969276232,8,10.704596168975058,True,0.0033632286995515697,50176.0,12.484317969276232,7.817234505549719,4.3467944645458445,3.4468749416467928,2.0452548304606943,1.7475797066410206,1.308135232731471,1.166257724458519
test_id,full-test_id-000908,6.671647548675537,0.8724152161044034,9.579092765439162,8,10.9799698453366,True,0.0033632286995515697,50176.0,9.579092765439162,7.779601307645769,3.772596508676305,2.3436187201188163,1.6077130044964125,1.4105442735757554,1.061135895351656,0.8724152161044034
test_id,full-test_id-000344,3.6656930446624756,0.8036325111951412,7.5156126918008255,8,9.352051574697747,True,0.0033632286995515697,50176.0,7.5156126918008255,5.554005418902289,4.297680711556284,3.9863394240453474,2.5142014586752546,1.5289657927993185,0.9781342714297089,0.8036325111951412
test_id,full-test_id-000907,19.488618850708008,0.7155438707296297,9.089583679782253,8,12.703041772286774,True,0.0033632286995515697,50176.0,9.089583679782253,7.8371678938085525,3.678497257299828,2.0677168599724207,1.7477657146357304,1.3673377009831675,1.190052247142078,0.7155438707296297
test_id,full-test_id-000378,5.015410900115967,0.9531747629508579,8.795956685234005,8,9.228062918916677,True,0.0033632286995515697,50176.0,8.795956685234005,6.647986347944511,3.4257535423949865,2.5760496272749647,2.304697437376794,1.5173800244484585,1.3643071863645615,0.9531747629508579
test_id,full-test_id-000919,8.060254096984863,0.6649418071351721,8.162351038106902,8,12.275286273957542,True,0.0033632286995515697,50176.0,8.162351038106902,4.0525126390886275,2.8092452453934262,1.742000483056553,1.5674192788253076,1.1945239510754406,0.9559174946710086,0.6649418071351721
test_id,full-test_id-000606,2.8238637447357178,0.8759944023182494,7.527615548536175,8,8.593223345508761,True,0.0033632286995515697,50176.0,7.527615548536175,6.349987997471549,4.0573404668666955,2.880459408844996,1.8202777731240007,1.4605986420982453,1.1977617127629159,0.8759944023182494
test_id,full-test_id-000480,3.710714101791382,1.0019773227226068,9.059118355687435,8,9.041240904606195,True,0.0033632286995515697,50176.0,9.059118355687435,6.410176807542609,3.885967427308162,3.5537989438985638,2.027327322601654,1.5167419349446092,1.273582108473241,1.0019773227226068
test_id,full-test_id-000257,2.6114373207092285,0.8623025414034905,5.708606516190703,8,6.620189831401087,True,0.0033632286995515697,50176.0,5.708606516190703,4.936942458364593,3.756610406123507,1.985383856478451,1.6466301541004837,1.1600772028264825,1.0448955528402069,0.8623025414034905
test_id,full-test_id-000894,2.4849324226379395,1.1782173301300438,10.787183940986196,8,9.155512879610741,True,0.0033632286995515697,50176.0,10.787183940986196,7.578184681259653,4.516027016225428,2.2289443727924834,2.0526159438546596,1.6925183042252776,1.4037028286625994,1.1782173301300438
test_id,full-test_id-000226,14.512187004089355,1.1172965930369143,10.636158425101222,8,9.519547890315472,True,0.0033632286995515697,50176.0,10.636158425101222,7.377728570277501,4.800455601685537,3.5141437515532177,1.7433277226236248,1.7301066367881517,1.3912081226522695,1.1172965930369143
test_id,full-test_id-000464,18.136789321899414,0.8980147730913347,8.198921749934453,8,9.130052194698763,True,0.0033632286995515697,50176.0,8.198921749934453,5.615202990458726,3.426406538882389,2.1383917199194777,1.441808302354732,1.298797186789597,0.9980431033395691,0.8980147730913347
test_id,full-test_id-000473,2.0138566493988037,1.0894257238028655,9.268636115086704,8,8.507818305164133,True,0.0033632286995515697,50176.0,9.268636115086704,7.599505303776887,4.690307909480452,2.121691057933002,1.9379783270320805,1.4176355983640856,1.264595201190232,1.0894257238028655
test_id,full-test_id-000549,3.378814935684204,0.6739196138874068,7.147206196932436,8,10.605428376991169,True,0.0033632286995515697,50176.0,7.147206196932436,5.24419223678679,3.9344909052734693,2.845944274296005,1.9254260359142472,1.2518923988003219,0.9826852383630446,0.6739196138874068
test_id,full-test_id-000320,3.497649908065796,0.9422520971741221,8.971717497763702,8,9.521568086365095,True,0.0033632286995515697,50176.0,8.971717497763702,6.6803256516032565,3.893817410463841,2.3287783716542956,2.0901049662254336,1.4123044695333697,1.3496106474699603,0.9422520971741221
test_id,full-test_id-000016,1.7340127229690552,0.8558159358641327,7.730449796556079,8,9.032841610679409,True,0.0033632286995515697,50176.0,7.730449796556079,5.621730288635242,4.6383668968302345,3.0519521824489977,1.9857197886159674,1.2920420684983749,1.1059382038940722,0.8558159358641327
test_id,full-test_id-000927,2.9424092769622803,0.9316755221751077,6.351501516850805,8,6.8172892446744395,True,0.0033632286995515697,50176.0,6.351501516850805,4.8766867295285214,4.238768191978142,3.218665007419102,2.141867287434219,1.2973960037685528,1.0635730029210113,0.9316755221751077
test_id,full-test_id-000202,11.400372505187988,0.8301314225989059,8.41199886875458,8,10.133333879133255,True,0.0033632286995515697,50176.0,8.41199886875458,5.126184613517521,3.900840876882591,1.6409773333111182,1.5879436724668732,1.432689915783141,1.0325155191869253,0.8301314225989059
test_id,full-test_id-000497,3.966724157333374,0.7682844329285755,9.271375390506735,8,12.06763405990898,True,0.0033632286995515697,50176.0,9.271375390506735,7.75371525845742,3.8714233306818824,2.278219890851333,1.7089285705215393,1.506819751771061,1.2112060184715872,0.7682844329285755
test_id,full-test_id-000308,4.681650638580322,0.8032498006049419,7.499011995563866,8,9.335840469448266,True,0.0033632286995515697,50176.0,7.499011995563866,5.868633042136176,3.5449365276083435,1.9932902476726908,1.3971881633642287,1.344501805591256,0.9648726394110784,0.8032498006049419
test_id,full-test_id-000569,4.558340072631836,1.039105160031581,9.411793139211339,8,9.057594458413902,True,0.0033632286995515697,50176.0,9.411793139211339,7.03761296614092,3.805073730316254,2.8154589783046404,1.6909160646140302,1.4434382199593367,1.17282840877363,1.039105160031581
test_id,full-test_id-000641,6.778419017791748,0.9784078567880314,8.530786552618542,8,8.719049518494112,True,0.0033632286995515697,50176.0,8.530786552618542,7.256457412744956,3.31013170826697,2.0166021697209535,1.6350104940015882,1.497575909117412,1.0882718044767008,0.9784078567880314
test_id,full-test_id-000790,5.819821357727051,0.8692706465519235,8.951700028719939,8,10.297943527977202,True,0.0033632286995515697,50176.0,8.951700028719939,6.353821297742632,3.7429705181385886,2.597760793924383,1.6917532282109715,1.4845170433543504,1.1529429002366602,0.8692706465519235
test_id,full-test_id-000626,6.504897117614746,0.8964633625836752,8.217577488915838,8,9.166662946751286,True,0.0033632286995515697,50176.0,8.217577488915838,6.024855921838847,4.419167720613374,2.432797971490565,1.7018042896646715,1.2898291594816713,0.9527359411200926,0.8964633625836752
test_id,full-test_id-000196,4.893021106719971,1.055542307434117,7.742512180299172,8,7.335103601029682,True,0.0033632286995515697,50176.0,7.742512180299172,6.80377462114354,5.0021042290209765,2.7222490522885434,1.7194177989075414,1.4545078235244822,1.2195832743043098,1.055542307434117
test_id,full-test_id-000039,18.808547973632812,1.042650376852585,10.313528329384486,8,9.891645903891197,True,0.0033632286995515697,50176.0,10.313528329384486,6.558531412739709,3.604163635286608,2.952449008792373,1.8385905232430864,1.640223269410939,1.4733804170459346,1.042650376852585
test_id,full-test_id-000053,10.639486312866211,0.8962833861302213,9.474141188019848,8,10.570475069191282,True,0.0033632286995515697,50176.0,9.474141188019848,8.756151227096135,4.504731710571106,3.7410721832462337,1.850198813083211,1.5870417624274595,1.4366284354685237,0.8962833861302213
test_id,full-test_id-000596,3.3926937580108643,0.9385581744818404,7.779488395844158,8,8.2887652650184,True,0.0033632286995515697,50176.0,7.779488395844158,5.4213448391497225,4.227019288232528,3.5320611989394415,1.9961602455000815,1.3101144235598097,1.0396789991181834,0.9385581744818404
test_id,full-test_id-000991,5.066165447235107,0.9495487377748749,7.850787530956175,8,8.267914240350969,True,0.0033632286995515697,50176.0,7.850787530956175,6.8091742429406015,4.120506059564859,2.9863914601838464,1.605804140394944,1.4802606637285936,1.3555299895256916,0.9495487377748749
test_id,full-test_id-000712,3.908316135406494,0.8674377409836425,9.776949559828855,8,11.271067764174239,True,0.0033632286995515697,50176.0,9.776949559828855,6.255239348741431,4.602213848017017,3.3021910321745827,1.8765650782282939,1.3899781580701553,1.2301557298377535,0.8674377409836425
test_id,full-test_id-000981,20.208389282226562,0.9291994167859818,10.587575573116359,8,11.394298556210723,True,0.0033632286995515697,50176.0,10.587575573116359,9.325797548970161,4.470583080307361,2.363855029711144,1.8533976633170433,1.5335938230100326,1.3944629738199814,0.9291994167859818
test_id,full-test_id-000666,9.400125503540039,1.0895438039151149,10.414094397223293,8,9.558215429064699,True,0.0033632286995515697,50176.0,10.414094397223293,8.965097393283067,4.399813532394962,3.517301953442124,2.2105458476476,1.7233242367890294,1.6215331072855033,1.0895438039151149
test_id,full-test_id-000878,4.341465473175049,1.0443199508065564,7.526992234105261,8,7.2075538040731315,True,0.0033632286995515697,50176.0,7.526992234105261,5.403427069741106,4.185910935913489,2.917924900116864,2.4388585884781078,1.5515185064919228,1.1544447783219305,1.0443199508065564
test_id,full-test_id-000671,4.665886878967285,0.9323144050712378,7.5379601301885835,8,8.085212551888663,True,0.0033632286995515697,50176.0,7.5379601301885835,6.484721647733034,3.807795378617031,2.501187736913138,1.7282112178166893,1.390753440237257,1.250524458208072,0.9323144050712378
test_id,full-test_id-000129,7.699869155883789,1.0296877873969137,7.9484405395323225,8,7.719272421037696,True,0.0033632286995515697,50176.0,7.9484405395323225,7.434178677480773,4.372556205260816,2.1561731325918667,1.573508227114477,1.372607833139712,1.150514512091272,1.0296877873969137
test_id,full-test_id-000487,8.388442039489746,0.9421479066005339,11.044668442983806,8,11.722860461299831,True,0.0033632286995515697,50176.0,11.044668442983806,5.673684558627255,4.125857192356894,1.847312539162915,1.681554691016517,1.6614281500146852,1.1995918226498814,0.9421479066005339
test_id,full-test_id-000208,6.553945541381836,0.5519119335343409,7.407717852633714,8,13.421920061043204,True,0.0033632286995515697,50176.0,7.407717852633714,5.178948612224475,2.9970091329070625,2.329686128109799,1.7724638244712323,1.3387556220123238,0.8110121213390137,0.5519119335343409
test_id,full-test_id-000768,9.526692390441895,0.9869019989490078,10.048326916471481,8,10.18168665903236,True,0.0033632286995515697,50176.0,10.048326916471481,8.238437516590375,4.6029326447127445,2.459064958481081,2.000162780374766,1.542836064763684,1.255741050979522,0.9869019989490078
test_id,full-test_id-000093,5.1893486976623535,1.0738518570603481,8.384594180122075,8,7.807961708121234,True,0.0033632286995515697,50176.0,8.384594180122075,6.667796117053086,6.274466089156084,4.377607032324856,2.3366654759520213,1.459746433955531,1.306063190088878,1.0738518570603481
test_id,full-test_id-000435,4.086688041687012,0.5577239710569479,8.651709042208376,8,15.51252858257543,True,0.0033632286995515697,50176.0,8.651709042208376,7.074537040750529,3.032908600421569,1.6195223275505808,1.4504055011297825,1.40229326099018,0.8587321481321412,0.5577239710569479
test_id,full-test_id-000477,3.1777758598327637,0.8677092678058291,7.415773209730784,8,8.546380089362192,True,0.0033632286995515697,50176.0,7.415773209730784,6.8446149253455495,3.6038884599958974,2.006973715512761,1.5233394515959233,1.2935645945211556,1.0880308814907276,0.8677092678058291
test_id,full-test_id-000172,3.964669704437256,0.9329606988625216,9.239001075597017,8,9.902883462145118,True,0.0033632286995515697,50176.0,9.239001075597017,4.902426702027634,3.1651477241967205,2.9676053265952858,1.6509633368764982,1.4170908786208234,1.3776418674925797,0.9329606988625216
test_id,full-test_id-000137,5.970703125,1.1203043908422587,7.849303864816694,8,7.0064028392457605,True,0.0033632286995515697,50176.0,7.849303864816694,6.6993782103753095,6.520624590301569,3.6021512496122106,2.602314608674552,1.6372990024311769,1.1673192061542417,1.1203043908422587
test_id,full-test_id-000756,4.322630882263184,0.9192843354302114,10.159740007622066,8,11.051792808878288,True,0.0033632286995515697,50176.0,10.159740007622066,7.665779201731149,3.4471055292645114,2.676975967892352,1.7473173931976909,1.556168514538714,1.1915408528214508,0.9192843354302114
test_id,full-test_id-000850,7.81693696975708,0.7880814203192961,9.83865983717886,8,12.484318984696614,True,0.0033632286995515697,50176.0,9.83865983717886,6.688308610704228,3.9853873139987823,3.1897030381099247,1.808506324733873,1.5243740564869288,1.340363730519621,0.7880814203192961
test_id,full-test_id-000281,6.005704879760742,0.974689151846666,9.333993707451445,8,9.576380007684572,True,0.0033632286995515697,50176.0,9.333993707451445,8.239635770293129,3.507649940350663,3.0299289653178634,1.727920431728542,1.4941146760609705,1.3300454676483744,0.974689151846666
test_id,full-test_id-000134,3.6436784267425537,0.9332818514638439,8.736068826757219,8,9.360590065107102,True,0.0033632286995515697,50176.0,8.736068826757219,6.580178736014591,3.4062647989473622,2.3862059547270844,1.9211853856900754,1.6829685764499958,1.1591220254223327,0.9332818514638439
test_id,full-test_id-000767,6.145310878753662,0.7941670072999324,7.640697934957062,8,9.621021604680445,True,0.0033632286995515697,50176.0,7.640697934957062,7.403456972446054,2.8419767417075277,1.7004226860655596,1.5319615043292258,1.3905704977251652,1.0391180925430117,0.7941670072999324
test_id,full-test_id-000593,2.9925777912139893,0.7863879272627544,7.750467110881963,8,9.855780896662104,True,0.0033632286995515697,50176.0,7.750467110881963,5.997812685495769,4.215152398324728,2.666542863234158,1.7285441521730351,1.4000319091025972,1.0405454583796157,0.7863879272627544
test_id,full-test_id-000977,5.273216247558594,0.6948829519363469,6.534332641662171,8,9.403501155775562,True,0.0033632286995515697,50176.0,6.534332641662171,5.373836806551652,3.828795645737441,2.246454476409183,1.3528765117583326,1.2542850204586697,1.0800149214310348,0.6948829519363469
test_id,full-test_id-000183,4.132772445678711,1.026531910173842,9.568922539785602,8,9.321602616488674,True,0.0033632286995515697,50176.0,9.568922539785602,8.077506767982769,3.954961487824375,2.3470350635966266,1.7236670335530146,1.4624841895356353,1.261402580695533,1.026531910173842
test_id,full-test_id-000631,12.311090469360352,0.8635940474953746,9.920853877768469,8,11.48786736840217,True,0.0033632286995515697,50176.0,9.920853877768469,4.14560467492186,3.55218094454059,1.9290091718982403,1.5726513335724066,1.2448333325600864,1.1045418218008882,0.8635940474953746
test_id,full-test_id-000352,8.02973461151123,0.5269960012935647,5.87842192273664,8,11.154585439562087,True,0.0033632286995515697,50176.0,5.87842192273664,3.221999718480599,2.4224780047215546,1.493639991057991,1.2577646358350796,0.9918674336315658,0.6878438272755641,0.5269960012935647
test_id,full-test_id-000474,2.923931360244751,0.8575297511788835,7.128243934851475,8,8.312532509865655,True,0.0033632286995515697,50176.0,7.128243934851475,4.850201849942406,4.158041872953431,3.310198227439481,2.1621340014569945,1.3828155633042918,0.9700711194996673,0.8575297511788835
test_id,full-test_id-000261,4.193704605102539,1.0425459944582862,7.396893147089682,8,7.095028120014174,True,0.0033632286995515697,50176.0,7.396893147089682,6.464573469670832,5.95161796298273,4.177766627497516,2.3893509123195886,1.3011260406771707,1.1237450412218217,1.0425459944582862
test_id,full-test_id-000961,6.339451313018799,1.1134295902710765,10.20148855468612,8,9.162221521526527,True,0.0033632286995515697,50176.0,10.20148855468612,9.110567138405711,4.006544029536057,2.2039996608716015,1.7613441902712645,1.6578721687661886,1.2701307412740779,1.1134295902710765
test_id,full-test_id-000237,17.7353572845459,0.839066277545941,8.27809476426187,8,9.865841335529806,True,0.0033632286995515697,50176.0,8.27809476426187,6.518296562447209,3.991751006169009,2.6853213659886155,1.5416499614909371,1.4416600891289195,1.0973682539799696,0.839066277545941
test_id,full-test_id-000871,16.326129913330078,1.0963450812524123,9.344122101036517,8,8.522975348566565,True,0.0033632286995515697,50176.0,9.344122101036517,7.175169616122044,4.541338900481652,2.9819665759289093,2.036736387944944,1.3964829479672825,1.231272065587055,1.0963450812524123
test_id,full-test_id-000752,19.283721923828125,1.0783409860705013,9.958832138556614,8,9.235327477300869,True,0.0033632286995515697,50176.0,9.958832138556614,6.248325818495305,3.5971035123556,2.8541735374401003,1.699877953251842,1.5130259307070597,1.296348532839093,1.0783409860705013
test_id,full-test_id-000227,19.7635440826416,0.7654125264110976,7.654204147690629,8,10.000103060215153,True,0.0033632286995515697,50176.0,7.654204147690629,7.1435227222259945,4.078710950335479,2.7153114939723926,1.4195957212010966,1.2948072924190241,1.263080052530443,0.7654125264110976
test_id,full-test_id-000064,4.579240322113037,0.8860791179389249,9.792494362413313,8,11.05148983218481,True,0.0033632286995515697,50176.0,9.792494362413313,8.098260288653906,4.00332779831514,2.555177599665193,1.7745036681033188,1.52641200541047,1.3752562477891506,0.8860791179389249
test_id,full-test_id-000311,3.9799001216888428,1.2043854439551243,8.013642951893761,8,6.6537195314960575,True,0.0033632286995515697,50176.0,8.013642951893761,7.234122562585109,5.877080989640008,3.0309317629440424,2.8360043389862,1.648887705771823,1.218890577065039,1.2043854439551243
test_id,full-test_id-000138,6.753575325012207,0.9752567279076269,8.067600147311392,8,8.272283508999825,True,0.0033632286995515697,50176.0,8.067600147311392,6.1466985746385365,5.190942117228151,3.3223089880594063,1.939142720035452,1.4062030007917705,1.2322726366214052,0.9752567279076269
test_id,full-test_id-000154,10.069390296936035,0.9101879255971476,10.57352188104629,8,11.616855798333418,True,0.0033632286995515697,50176.0,10.57352188104629,7.279143526376069,4.089074192307517,2.4694826760984805,1.9809275850323602,1.6042328857515264,1.2222910638461546,0.9101879255971476
test_id,full-test_id-000859,4.657970905303955,1.0671041722187231,8.86582293980977,8,8.308301261137373,True,0.0033632286995515697,50176.0,8.86582293980977,6.359570897389253,4.89148491752983,3.6895817527435506,2.539181542130969,1.43324596792723,1.1732931545025769,1.0671041722187231
test_id,full-test_id-000121,3.1623895168304443,0.6871939899633023,7.075241954840557,8,10.295843761989815,True,0.0033632286995515697,50176.0,7.075241954840557,5.2427884369799695,2.4989198392177783,1.809787366612745,1.4837240654541899,1.0293095598681363,0.9303808348083675,0.6871939899633023
test_id,full-test_id-000560,11.437361717224121,0.9771324737773376,10.43989088641618,8,10.684212393492873,True,0.0033632286995515697,50176.0,10.43989088641618,8.062757888794417,4.0370840348374495,2.4332777046636442,1.80478546030756,1.6494944519004169,1.3280839782068088,0.9771324737773376
test_id,full-test_id-000210,19.71334457397461,1.1327044968603301,9.746408548122572,8,8.604546530130328,True,0.0033632286995515697,50176.0,9.746408548122572,5.911633554815917,4.14255143219625,3.6102435065458547,2.54735925113748,1.5256333741497856,1.5030085618272155,1.1327044968603301
test_id,full-test_id-000825,6.6630449295043945,0.6667042486300714,8.784789782464069,8,13.17644187886136,True,0.0033632286995515697,50176.0,8.784789782464069,4.331196557113307,3.4907611214943612,1.897942361169168,1.4660904197941746,1.2912487589315202,0.9910876586711108,0.6667042486300714
test_id,full-test_id-000930,6.579041481018066,0.7910207008925557,8.95797968062472,8,11.324583124710767,True,0.0033632286995515697,50176.0,8.95797968062472,4.389643975934433,3.394286282883015,1.524224928181592,1.3803414146394457,1.2334920071030633,0.9764449492272972,0.7910207008925557
test_id,full-test_id-000772,11.16352367401123,0.8155115520652997,8.382604062434208,8,10.27895195500921,True,0.0033632286995515697,50176.0,8.382604062434208,7.190805416898546,3.7240142725862238,2.6242676649070655,1.8452540725870026,1.4810014793629527,1.118445708313373,0.8155115520652997
test_id,full-test_id-000455,4.5681328773498535,1.1518033559200929,7.080279777269301,8,6.147125497488567,True,0.0033632286995515697,50176.0,7.080279777269301,6.197223871315509,5.73715328717704,3.473915439539013,2.350749845260791,1.3935158395596212,1.2115727637463845,1.1518033559200929
test_id,full-test_id-000033,8.574108123779297,1.2001140535305415,7.957521219905081,8,6.630637476909249,True,0.0033632286995515697,50176.0,7.957521219905081,7.154609781805075,5.410872695996604,3.131636710007905,2.3179730769668776,1.559453067298844,1.428929053832316,1.2001140535305415
test_id,full-test_id-000057,6.551540374755859,1.0607393661416764,8.260194652426465,8,7.7872047706422185,True,0.0033632286995515697,50176.0,8.260194652426465,7.216818844045921,4.902567694936456,3.5625060592720352,2.2321191868232884,1.412255705872698,1.3213655056870783,1.0607393661416764
test_id,full-test_id-000294,5.002305030822754,1.0423623364134176,8.97247615709256,8,8.607828433215696,True,0.0033632286995515697,50176.0,8.97247615709256,5.734028687308918,4.9841348389304905,3.431903492291446,1.9268666363922144,1.5329361559964756,1.2331896688457802,1.0423623364134176
test_id,full-test_id-000955,6.512144565582275,1.1407700591277579,10.072560495573907,8,8.829615061316975,True,0.0033632286995515697,50176.0,10.072560495573907,7.837207778627892,5.5535033320289235,3.002975972512646,2.472777010224801,1.5670835978427293,1.3443663677236786,1.1407700591277579
test_id,full-test_id-000618,4.926606178283691,0.7725712243440845,8.433148642781374,8,10.915690847715878,True,0.0033632286995515697,50176.0,8.433148642781374,5.775691133904315,3.5918613646683935,2.4705480071928054,1.7578065743438689,1.3287114788711931,1.1004538907301324,0.7725712243440845
test_id,full-test_id-000803,3.5982844829559326,0.8950025636831519,10.381718658853039,8,11.599652425720164,True,0.0033632286995515697,50176.0,10.381718658853039,7.091254382918914,3.8694193033646944,1.8457930009494081,1.5932533572375975,1.4313585109708105,1.0709729948794555,0.8950025636831519
test_id,full-test_id-000939,2.3204214572906494,1.0312302393892991,8.451256818926193,8,8.19531516446907,True,0.0033632286995515697,50176.0,8.451256818926193,6.35316338190503,4.512921618778766,2.5855319137705073,1.8244848063044157,1.598364358464869,1.128066752989339,1.0312302393892991
test_id,full-test_id-000775,5.897620677947998,0.9520385020144327,7.920551864492562,8,8.319570949844303,True,0.0033632286995515697,50176.0,7.920551864492562,5.395590210231855,4.095441260749332,2.7863869430536536,1.6417091883190242,1.3213510350046649,1.274654950624827,0.9520385020144327
test_id,full-test_id-000808,4.184847354888916,1.0340361577566801,9.499580851753963,8,9.186894269116378,True,0.0033632286995515697,50176.0,9.499580851753963,6.089681650195876,4.430364065132958,2.4467840283734157,1.9256414015386372,1.4954989532506406,1.14456442516299,1.0340361577566801
test_id,full-test_id-000049,7.770193099975586,0.7985144833059159,9.906662361582665,8,12.406365280399505,True,0.0033632286995515697,50176.0,9.906662361582665,9.177247628061606,3.9278826848157107,3.337159661878049,1.7945352966360097,1.4812652324598112,1.2683630965491153,0.7985144833059159
test_id,full-test_id-000162,3.6685192584991455,0.855711917015093,7.148555994554494,8,8.353928293402987,True,0.0033632286995515697,50176.0,7.148555994554494,4.5896185817473105,3.4972919952269796,2.1455516594671042,1.752295697833585,1.2753481911844897,0.9773339192839968,0.855711917015093
test_id,full-test_id-000417,3.6639652252197266,0.8911157969970077,7.373849445102993,8,8.274849879165314,True,0.0033632286995515697,50176.0,7.373849445102993,5.867473634516057,4.530107739391532,2.3873559512230353,1.6302795252894928,1.319226349240434,1.1030352567649424,0.8911157969970077
test_id,full-test_id-000579,4.526729106903076,0.8420280505689263,7.044217127785173,8,8.365774896721867,True,0.0033632286995515697,50176.0,7.044217127785173,6.3955224537673505,4.04417137046501,2.5084309780831022,1.5616699634560576,1.4166236325765638,1.1478195666725373,0.8420280505689263
test_id,full-test_id-000373,9.403643608093262,0.8483453066286482,10.413026715462646,8,12.274514438989888,True,0.0033632286995515697,50176.0,10.413026715462646,4.15913588906855,3.8775963577677537,2.4359351475023625,2.0343378616322423,1.4967090118978177,1.1996085946003745,0.8483453066286482
test_id,full-test_id-000983,7.514456272125244,1.2737504170021527,10.981712452644558,8,8.621557493571363,True,0.0033632286995515697,50176.0,10.981712452644558,10.027851913279338,4.247545906332303,2.8445257048278223,2.00325212236288,1.799995193890837,1.575700513021524,1.2737504170021527
test_id,full-test_id-000045,5.7369465827941895,1.0769425914560184,9.491884227710147,8,8.813732786700532,True,0.0033632286995515697,50176.0,9.491884227710147,7.079046422828921,5.159970355188533,3.7931235556769196,2.185071191412208,1.5042769734414203,1.4173821073314954,1.0769425914560184
test_id,full-test_id-000958,6.364712715148926,0.838346345282588,6.40455253642014,8,7.639506717550378,True,0.0033632286995515697,50176.0,6.40455253642014,6.13746375676677,4.869256227737165,2.4531315820406423,1.4546188734376517,1.1635683307229026,1.024186461737517,0.838346345282588
test_id,full-test_id-000490,5.02928352355957,1.071918999258971,8.247900433022245,8,7.694518371933053,True,0.0033632286995515697,50176.0,8.247900433022245,7.344470220714432,5.14070005646778,3.5048377440812883,2.3505075387581065,1.5051440579358601,1.310243104894689,1.071918999258971
test_id,full-test_id-000511,3.261173963546753,1.1095378156491047,8.495188846345847,8,7.656511320775461,True,0.0033632286995515697,50176.0,8.495188846345847,6.623893762773949,3.888753845892924,2.2592719455608057,1.589538310870223,1.4815554658582837,1.2651536016214022,1.1095378156491047
test_id,full-test_id-000130,10.047496795654297,1.0127769303921383,8.929148853696379,8,8.816501033686748,True,0.0033632286995515697,50176.0,8.929148853696379,6.370663158745388,3.907128398568297,3.333842148889497,2.4406775271748717,1.4269069777415595,1.2526251865884375,1.0127769303921383
test_id,full-test_id-000236,1.9401627779006958,1.0777520639314042,7.04810523869857,8,6.539635111426853,True,0.0033632286995515697,50176.0,7.04810523869857,5.681374838514244,5.3977527676511095,3.1099624290239136,2.435033800440562,1.5108790891607444,1.2110972496966426,1.0777520639314042
test_id,full-test_id-000848,3.9360275268554688,1.136901033958698,9.30960223276229,8,8.18857750559535,True,0.0033632286995515697,50176.0,9.30960223276229,7.609299692775461,4.507924684966004,3.3635027935884994,2.4982389475754534,1.5149085889456801,1.294270791585939,1.136901033958698
test_id,full-test_id-000231,4.180936336517334,1.0356907881512136,7.6429777992225265,8,7.379594263714385,True,0.0033632286995515697,50176.0,7.6429777992225265,7.035409969454621,3.926626507326089,3.2205152198853635,2.2312212343682787,1.354786775823187,1.2049465562205883,1.0356907881512136
test_id,full-test_id-000727,5.06151008605957,0.9126698591857404,8.357136346704065,8,9.156801073895524,True,0.0033632286995515697,50176.0,8.357136346704065,5.709169540576602,4.250479892788083,3.4330725810156846,2.322048969597488,1.2863901475567574,1.234967408603906,0.9126698591857404
test_id,full-test_id-000430,9.261361122131348,0.8657679673914006,8.759031650452057,8,10.117065981135141,True,0.0033632286995515697,50176.0,8.759031650452057,6.917482017126173,4.234797558632938,2.5132617331154816,1.713268474851046,1.4864453079288182,1.2416690743561192,0.8657679673914006
test_id,full-test_id-000612,4.642425537109375,1.0106909324122295,9.740202722621378,8,9.637172364230384,True,0.0033632286995515697,50176.0,9.740202722621378,8.144310904576255,3.8530342900420638,2.310802729128407,1.6522387157006393,1.4600822706438417,1.1344528100092655,1.0106909324122295
test_id,full-test_id-000264,4.815847873687744,0.8336142793145424,10.320213891357191,8,12.380082908180524,True,0.0033632286995515697,50176.0,10.320213891357191,4.783448705266615,4.0902231646509355,2.804765328101747,2.053227272292426,1.4044314194196152,1.0405448207240384,0.8336142793145424
test_id,full-test_id-000050,10.173124313354492,1.0246242416983005,10.899106642646041,8,10.637174291895459,True,0.0033632286995515697,50176.0,10.899106642646041,8.177095061140951,4.470966217661665,2.4498034255771923,1.7661008028341982,1.4625976543693662,1.2973003379422237,1.0246242416983005
test_id,full-test_id-000892,12.919270515441895,0.9819843078417255,9.632899140204952,8,9.80962634869066,True,0.0033632286995515697,50176.0,9.632899140204952,8.088954349389798,3.923137102975904,3.0237262568541663,1.886843410871479,1.6130241929408804,1.4113472223174124,0.9819843078417255
test_id,full-test_id-000524,5.8747239112854,1.1730608893638386,9.627124922991788,8,8.20684161434507,True,0.0033632286995515697,50176.0,9.627124922991788,6.466404311649694,3.4708266244287977,2.633090478197233,2.129599402361724,1.6190507205946045,1.37701257818392,1.1730608893638386
test_id,full-test_id-000448,7.372594356536865,0.7901501688754272,9.02488201341819,8,11.421730158284669,True,0.0033632286995515697,50176.0,9.02488201341819,8.230376370525336,4.003215295896759,2.14660125333234,1.6556916171444789,1.5547647956204365,1.164888283469213,0.7901501688754272
test_id,full-test_id-000608,8.833298683166504,0.9402723824846698,10.39534627326169,8,11.055675426509909,True,0.0033632286995515697,50176.0,10.39534627326169,5.833426682069749,3.661293535439963,1.842174940822423,1.5372064416337254,1.3619580448134732,1.0005753125246557,0.9402723824846698
test_id,full-test_id-000146,18.265350341796875,0.713632325383885,7.742349310483184,8,10.849213292458877,True,0.0033632286995515697,50176.0,7.742349310483184,4.622975819797261,3.2934173259560504,1.707941358769662,1.4580806678584408,1.2558530351902213,0.9242059721304441,0.713632325383885
test_id,full-test_id-000463,31.759599685668945,0.5408957168372744,6.388975728576177,8,11.81184381701855,True,0.0033632286995515697,50176.0,6.388975728576177,5.008725175970125,1.885441615954105,1.5274665006830512,1.2568683624030172,0.864270090144927,0.7558112226948177,0.5408957168372744
test_id,full-test_id-000350,6.191283226013184,0.7321966258369345,6.238752496599948,8,8.520597168101897,True,0.0033632286995515697,50176.0,6.238752496599948,4.320538685005829,3.8348744164363224,2.301934162448099,1.6666663101673198,1.1032169228382616,0.8979032370107359,0.7321966258369345
test_id,full-test_id-000084,3.4232637882232666,0.8457401055401169,8.308644341952741,8,9.82411060741476,True,0.0033632286995515697,50176.0,8.308644341952741,6.7646039639975015,3.387983667756041,1.7134816929786998,1.484101396414295,1.3749933484267738,0.9802835727059488,0.8457401055401169
test_id,full-test_id-000696,6.174736499786377,1.1740293603849794,9.371180919651048,8,7.9820669191596,True,0.0033632286995515697,50176.0,9.371180919651048,7.421202303903431,5.3209554459148745,2.9227131381793017,1.944216650642941,1.7562237161550902,1.2975592441576715,1.1740293603849794
test_id,full-test_id-000493,10.262044906616211,0.7159304039724703,9.543847347267057,8,13.330691495027004,True,0.0033632286995515697,50176.0,9.543847347267057,6.230043743153798,4.201361186338186,3.2777401925166902,1.6763837295944268,1.4369668141928027,1.2438652115573336,0.7159304039724703
test_id,full-test_id-000127,5.608305931091309,0.9478161470172891,8.410932183902716,8,8.874012339177096,True,0.0033632286995515697,50176.0,8.410932183902716,6.675032631183817,3.7064051329445835,3.0233796619503077,2.371596999012613,1.3330309581520867,1.2539684534045443,0.9478161470172891
test_id,full-test_id-000335,4.846529006958008,1.032996644825049,8.755795322255869,8,8.476112063015242,True,0.0033632286995515697,50176.0,8.755795322255869,6.606985800056288,5.03235160104865,3.127072941510128,1.6673058357262354,1.4723853178317583,1.3632305464173167,1.032996644825049
test_id,full-test_id-000525,7.001898288726807,0.872611948058094,8.455046482375602,8,9.68935447330445,True,0.0033632286995515697,50176.0,8.455046482375602,7.020459830653962,3.804467905971696,2.7131002222150498,1.9488877609931439,1.4167524380777627,1.220200031998245,0.872611948058094
test_id,full-test_id-000619,7.27104377746582,1.085252963485542,7.172862194466218,8,6.609391944371112,True,0.0033632286995515697,50176.0,7.172862194466218,6.7433548801633085,5.330066358434911,2.5685546829166768,2.3260130254257225,1.2541977105142534,1.1770833452988605,1.085252963485542
test_id,full-test_id-000567,6.993650436401367,0.9419161506781046,7.425569198385966,8,7.883471573388085,True,0.0033632286995515697,50176.0,7.425569198385966,5.87337170010576,3.937565671092316,2.736900622134442,2.0660788879665404,1.235545089917089,1.1668876770786727,0.9419161506781046
test_id,full-test_id-000425,5.3462138175964355,1.2236526825629839,8.992929053938301,8,7.3492496539968295,True,0.0033632286995515697,50176.0,8.992929053938301,6.211468210751182,4.2812770690393,3.0006424521838335,1.9896189153738144,1.650512493601934,1.4297698658884936,1.2236526825629839
test_id,full-test_id-000716,5.435227394104004,1.2077117512577815,9.532650392188577,8,7.893150316920174,True,0.0033632286995515697,50176.0,9.532650392188577,8.430259700588161,5.021147633571562,3.2404662182303454,2.4666817486716814,1.4298299435038728,1.2842060055301117,1.2077117512577815
test_id,full-test_id-000276,5.907002925872803,0.9661341568862198,8.623137953129042,8,8.925404294700426,True,0.0033632286995515697,50176.0,8.623137953129042,7.346744268250984,4.215647208282254,2.0474554754266663,1.6253626205009482,1.3532445223222385,1.0498219310909962,0.9661341568862198
test_id,full-test_id-000960,7.234782695770264,0.8565627359704793,7.160151088053855,8,8.359167154220708,True,0.0033632286995515697,50176.0,7.160151088053855,6.345698487396763,4.733148731721971,3.0827041851062145,1.6518529784593443,1.4586424148065118,1.2400206056612906,0.8565627359704793
test_id,full-test_id-000728,4.786567687988281,0.7690653047534499,6.586186882704832,8,8.563885071913703,True,0.0033632286995515697,50176.0,6.586186882704832,5.0496833758097095,4.216867006620642,3.233831686274153,2.1808423558949346,1.1863631117166609,0.9043314116247321,0.7690653047534499
test_id,full-test_id-000291,11.3924560546875,0.9772075083159699,8.45534978528118,8,8.652563261463635,True,0.0033632286995515697,50176.0,8.45534978528118,6.7197764554096295,4.823382779757278,2.732336775078888,1.6062409981455563,1.3321661336354937,1.1282341950185923,0.9772075083159699
test_id,full-test_id-000404,7.905874252319336,1.0702388074509748,11.128314925027803,8,10.397973655554969,True,0.0033632286995515697,50176.0,11.128314925027803,5.717950138257491,4.423896673930983,3.115296687842535,2.70762987437939,1.6390832629278478,1.4522036252569506,1.0702388074509748
test_id,full-test_id-000874,4.084071636199951,0.6937869737354311,6.410337284050557,8,9.239633384202277,True,0.0033632286995515697,50176.0,6.410337284050557,5.4308950943066,3.498570221307426,2.79049291643782,1.8858952918005045,1.1967300240010548,0.9881090955922065,0.6937869737354311
test_id,full-test_id-000792,3.1930694580078125,1.0759939834719936,8.0213025846813,8,7.454783863008544,True,0.0033632286995515697,50176.0,8.0213025846813,7.396280093615949,5.744311048301937,3.287427467007259,2.6000468769754046,1.4805993806612812,1.3050168709500376,1.0759939834719936
test_id,full-test_id-000609,7.6381378173828125,0.8222337517916536,9.142951236059277,8,11.11964963264609,True,0.0033632286995515697,50176.0,9.142951236059277,5.039687705659779,3.271232975856459,2.5775709081990454,1.6572252104043794,1.27926548039569,1.0311105065669224,0.8222337517916536
test_id,full-test_id-000271,7.9304375648498535,1.0065322965207184,9.082264102051168,8,9.023321093069585,True,0.0033632286995515697,50176.0,9.082264102051168,5.6689741719504685,5.203174372395586,3.602988572759197,1.7124428779994971,1.6036811774091144,1.1034667137908318,1.0065322965207184
test_id,full-test_id-000921,6.307915687561035,1.221350038026407,9.109491553738525,8,7.458542817469963,True,0.0033632286995515697,50176.0,9.109491553738525,7.368632838280907,4.674601643428007,3.778196941084557,2.5832121112643436,1.4083676151984532,1.307911435411267,1.221350038026407
test_id,full-test_id-000731,3.875237226486206,0.8610717767714179,6.916223986908062,8,8.032110880280378,True,0.0033632286995515697,50176.0,6.916223986908062,6.10466477227913,3.6668116027670763,2.453802685179476,2.1553602217557875,1.225385718187424,1.1703793194502847,0.8610717767714179
test_id,full-test_id-000591,8.884922981262207,1.2813845135222306,9.28737203596678,8,7.247919682155308,True,0.0033632286995515697,50176.0,9.28737203596678,6.969217961508967,6.6699295370137115,3.2825541674741685,2.8834350317826933,1.8180838529858374,1.525418344016332,1.2813845135222306
test_id,full-test_id-000376,2.7267932891845703,0.9224761939106151,6.078405199496139,8,6.589227168809861,True,0.0033632286995515697,50176.0,6.078405199496139,5.112138212485182,4.734836539216576,3.4442740387027784,1.9764910384691536,1.3225531445778627,1.069032117632141,0.9224761939106151
test_id,full-test_id-000282,7.417562007904053,0.8833464872289534,9.072894222892502,8,10.271048058790674,True,0.0033632286995515697,50176.0,9.072894222892502,6.787137101566322,4.301565067068551,2.201902318194534,1.9501334571816207,1.3445430731908716,1.1800533856127187,0.8833464872289534
test_id,full-test_id-000840,2.308762550354004,1.0587310781491983,9.000181108330237,8,8.500913304692766,True,0.0033632286995515697,50176.0,9.000181108330237,8.016209021870745,4.4070719395455455,2.333953620941611,2.244439255181181,1.4641307366140301,1.374060299515956,1.0587310781491983
test_id,full-test_id-000189,13.37436580657959,1.2260467870739533,8.485693764768884,8,6.921182661406085,True,0.0033632286995515697,50176.0,8.485693764768884,6.827040995876944,4.686513651394751,4.1826891923467615,2.6159601472898664,1.4903026518067086,1.286047060560443,1.2260467870739533
test_id,full-test_id-000764,3.6556789875030518,1.01252076669223,7.649601379012378,8,7.555006900256084,True,0.0033632286995515697,50176.0,7.649601379012378,5.886553773490857,4.076253248328881,2.6701564585113737,1.9312653090701137,1.3222614677041795,1.2735859946293482,1.01252076669223
test_id,full-test_id-000399,5.1381516456604,1.2267919629731963,8.667207945379367,8,7.064937012118928,True,0.0033632286995515697,50176.0,8.667207945379367,6.485542791279107,6.049232967289693,3.114859377083259,2.4864859133439374,1.506744937815794,1.3182743347019594,1.2267919629731963
test_id,full-test_id-000980,4.131928443908691,0.6580385454883338,6.913129417143692,8,10.505660290786496,True,0.0033632286995515697,50176.0,6.913129417143692,5.275797493319697,3.4962163928859025,1.9226430919840718,1.48256800064155,1.0588857015690276,0.9880378590877212,0.6580385454883338
test_id,full-test_id-000675,5.72304105758667,0.8608177983557198,8.946224194914336,8,10.392703557016192,True,0.0033632286995515697,50176.0,8.946224194914336,6.9835862123224395,4.858512829886515,3.589223752464339,1.8295294994775009,1.5411092236720123,1.2639300732609127,0.8608177983557198
test_id,full-test_id-000377,7.223750591278076,1.0210497760444475,9.26579828833234,8,9.074776279985187,True,0.0033632286995515697,50176.0,9.26579828833234,8.308550030805142,4.555550333669025,3.5147525685394383,2.0917084821681255,1.6045791107222402,1.4522710873258624,1.0210497760444475
test_id,full-test_id-000349,6.803460597991943,0.7179732804884904,8.190624639506,8,11.407979742551577,True,0.0033632286995515697,50176.0,8.190624639506,7.638896688256803,2.954719311198996,2.3022172239892975,1.5062995859401822,1.363312261779221,1.0441186939830627,0.7179732804884904
test_id,full-test_id-000737,4.945927619934082,0.8960943126352802,8.562329086588255,8,9.555165082353573,True,0.0033632286995515697,50176.0,8.562329086588255,7.6034700020087085,4.810373344172982,3.5874827375367038,1.890157388900739,1.4821444301113127,1.3130775915665285,0.8960943126352802
test_id,full-test_id-000971,3.395920753479004,1.144661742057177,8.198167798918718,8,7.162087713515292,True,0.0033632286995515697,50176.0,8.198167798918718,6.845376250068891,4.990853755754763,3.563935835982843,2.4714530802681507,1.383355320073159,1.2594705378964313,1.144661742057177
test_id,full-test_id-000550,3.071312189102173,1.0280746662497044,7.51822798604612,8,7.312920192335574,True,0.0033632286995515697,50176.0,7.51822798604612,6.53356231735622,4.4404239819198095,4.101085889636571,2.5156168678065827,1.4924867685614807,1.2857904342458948,1.0280746662497044
test_id,full-test_id-000143,16.27098846435547,0.6517815114628781,8.028788964481906,8,12.318221402846868,True,0.0033632286995515697,50176.0,8.028788964481906,4.902443838211374,3.0255199548450435,1.5259215865087503,1.4299604962643453,1.2050059938364703,0.8574972656329938,0.6517815114628781
test_id,full-test_id-000801,4.864227294921875,0.8537414990957906,7.2538956549628635,8,8.496594885741837,True,0.0033632286995515697,50176.0,7.2538956549628635,6.648811116202038,3.6324769983789444,2.555300640440354,1.6300811286568675,1.3554248930003796,1.2734712977438805,0.8537414990957906
test_id,full-test_id-000607,14.541942596435547,0.9829215500837375,10.87808364889384,8,11.067092432724777,True,0.0033632286995515697,50176.0,10.87808364889384,4.902233292793042,3.5415633603800583,2.4098311199145868,2.155417610974904,1.5499061073351335,1.2771300346751613,0.9829215500837375
test_id,full-test_id-000682,3.3688108921051025,0.8513023011035031,8.081214519240556,8,9.49276715071163,True,0.0033632286995515697,50176.0,8.081214519240556,5.171555279501567,3.6210628452240945,2.618722330045719,1.7359286408962054,1.3243206031898866,1.1044089311038794,0.8513023011035031
test_id,full-test_id-000310,4.358907699584961,1.0035241082742248,8.193271056780693,8,8.164498480131964,True,0.0033632286995515697,50176.0,8.193271056780693,6.156751455238027,4.49404885657216,3.6541924497080096,1.9254808306346982,1.407444924456031,1.2457700780055492,1.0035241082742248
test_id,full-test_id-000598,7.924217224121094,0.8884414564662231,9.51288466574063,8,10.707384934037343,True,0.0033632286995515697,50176.0,9.51288466574063,6.208541966291042,3.7528388827916883,2.100001865761673,1.5568080955350245,1.396224429677751,1.1692840438226495,0.8884414564662231
test_id,full-test_id-000186,7.481088161468506,0.7470096354592577,6.161702867675529,8,8.248491820172234,True,0.0033632286995515697,50176.0,6.161702867675529,4.800960694056067,2.8689591928049722,1.68896921748925,1.3551105774165624,1.2757507121034495,0.9330287976355,0.7470096354592577
test_id,full-test_id-000140,12.970367431640625,0.7902114638904845,8.822038915044686,8,11.164149494378044,True,0.0033632286995515697,50176.0,8.822038915044686,7.640331508137154,3.45063599081509,2.9610191643108053,1.7641446472573565,1.4666318850316085,1.3187080076178261,0.7902114638904845
test_id,full-test_id-000326,7.357059478759766,0.9252128453467803,7.330168490378784,8,7.922683442242259,True,0.0033632286995515697,50176.0,7.330168490378784,5.93415058640475,3.685712698815031,3.026735143671134,2.3382733756334226,1.250546598951199,1.2015718854603048,0.9252128453467803
test_id,full-test_id-000734,5.381734848022461,0.9502377341538566,8.482856867603719,8,8.927089045939978,True,0.0033632286995515697,50176.0,8.482856867603719,6.347820587159469,4.282554497167977,2.641927575402597,2.0312631131711996,1.6011912669623194,1.2551073700901898,0.9502377341538566
test_id,full-test_id-000805,7.256299018859863,0.742339366170877,9.966297347130922,8,13.425527193228236,True,0.0033632286995515697,50176.0,9.966297347130922,7.862040691787375,4.357265224447522,3.2217995633542325,2.0033391040409905,1.44573823052459,1.3338447970420417,0.742339366170877
test_id,full-test_id-000343,10.665823936462402,1.3118424499606873,9.093504698434554,8,6.931857326851302,True,0.0033632286995515697,50176.0,9.093504698434554,8.223870597073347,4.734707630187018,4.025783952917195,2.6212450123457787,1.5728843386632547,1.4528191948592173,1.3118424499606873
test_id,full-test_id-000504,3.547183036804199,0.609743756595595,6.701623106351269,8,10.990884340938054,True,0.0033632286995515697,50176.0,6.701623106351269,4.768544451277236,3.1486982227423628,2.463720823823032,2.08065411902002,1.3346013470658378,0.8707275959327252,0.609743756595595
test_id,full-test_id-000917,8.234134674072266,0.8167908993806487,9.832612893193327,8,12.038102898366205,True,0.0033632286995515697,50176.0,9.832612893193327,8.453522522544006,3.749731491839674,2.730442469804298,1.7516226989578787,1.5132918377909037,1.3285591530780974,0.8167908993806487
test_id,full-test_id-000195,5.264913558959961,0.5166106511628523,6.594130049023189,8,12.764216212306676,True,0.0033632286995515697,50176.0,6.594130049023189,4.901038863000889,3.1586368582359947,1.7627282427079245,1.404143744539456,1.2116729874743613,0.8686269805229633,0.5166106511628523
test_id,full-test_id-000072,3.400021553039551,1.176771500950026,9.084024835506685,8,7.719446662476964,True,0.0033632286995515697,50176.0,9.084024835506685,7.435143632598613,4.0835742356625895,3.280207877920943,2.3975486142876186,1.3508754185506386,1.2820733967720752,1.176771500950026
test_id,full-test_id-000589,5.13857364654541,1.0098585952229127,9.647172489107579,8,9.5529933940683,True,0.0033632286995515697,50176.0,9.647172489107579,8.922381225500354,5.4823100602704065,3.856170648784072,2.0845447204216576,1.5651219642255438,1.4217851488527304,1.0098585952229127
test_id,full-test_id-000597,8.107224464416504,0.9872252561653873,7.824644031950029,8,7.925895314249525,True,0.0033632286995515697,50176.0,7.824644031950029,5.7475255802635035,4.021578018582925,2.441985394920935,1.7154247011674753,1.4631506204428932,1.2354466962927266,0.9872252561653873
test_id,full-test_id-000852,6.2689738273620605,1.0899332045357573,8.95077019909795,8,8.212219025761685,True,0.0033632286995515697,50176.0,8.95077019909795,8.39298224264416,4.575556475709124,2.468879073243426,1.949215411043472,1.5618126016241325,1.3332438610485378,1.0899332045357573
test_id,full-test_id-000491,3.4323341846466064,1.0557078507190847,6.9279567336837395,8,6.562380614073138,True,0.0033632286995515697,50176.0,6.9279567336837395,5.255969942141464,5.082970214560871,2.9695726763782067,2.3040180649834294,1.3595976410800334,1.1304943599988866,1.0557078507190847
test_id,full-test_id-000689,20.27596092224121,0.9653726962575852,11.541428916996722,8,11.955412621196803,True,0.0033632286995515697,50176.0,11.541428916996722,6.823953012628959,3.8744233115460704,2.6224195583189545,1.986379717363073,1.5247145017002426,1.3325213053084375,0.9653726962575852
test_id,full-test_id-000482,3.3223888874053955,1.0444045536814375,8.449109293295011,8,8.089881706770253,True,0.0033632286995515697,50176.0,8.449109293295011,6.036601513449686,4.8424433677933285,3.5142032754906283,2.434413150731756,1.4956063564078044,1.2051717368208128,1.0444045536814375
test_id,full-test_id-000098,5.525352954864502,0.882531324720637,8.643807716135875,8,9.79433531027587,True,0.0033632286995515697,50176.0,8.643807716135875,5.29787097112654,3.948087870585662,2.69605505346744,2.2508215219386276,1.3911541728524628,1.2274350633811,0.882531324720637
test_id,full-test_id-000424,3.3082597255706787,0.9381111958165099,8.885762761922635,8,9.471971767897596,True,0.0033632286995515697,50176.0,8.885762761922635,5.765183915389607,4.060909363822174,3.2288801598651524,2.1626035223007296,1.453461454906612,1.3509102050745245,0.9381111958165099
test_id,full-test_id-000615,14.915989875793457,0.912612224857776,11.211510475684356,8,12.285075928532065,True,0.0033632286995515697,50176.0,11.211510475684356,6.790805816804995,3.934990134897776,1.927596502558394,1.6611935741798336,1.4620016206468094,1.1835275088101345,0.912612224857776
test_id,full-test_id-000217,23.94213104248047,0.768588691538758,7.552067726550715,8,9.825889724491065,True,0.0033632286995515697,50176.0,7.552067726550715,4.594132569190626,3.648897933865229,2.1128049605528134,1.2636624601295268,1.1866183255051126,0.9228260292446023,0.768588691538758
test_id,full-test_id-000461,3.971095561981201,0.9421288859581379,8.572117896251887,8,9.098667946619754,True,0.0033632286995515697,50176.0,8.572117896251887,5.936693489443787,4.2026326471547195,2.7035636172375974,1.9187796343748675,1.291411622262793,1.1896293711533692,0.9421288859581379
test_id,full-test_id-000543,18.707141876220703,0.4841717900298023,6.326864080972608,8,13.067395109044186,True,0.0033632286995515697,50176.0,6.326864080972608,4.430034357745662,3.120144282318728,1.7397519558499015,1.1995593577288104,1.0972678115510344,0.7517606841477785,0.4841717900298023
test_id,full-test_id-000393,3.0745556354522705,0.6851212476332785,7.799325999379633,8,11.3838623839533,True,0.0033632286995515697,50176.0,7.799325999379633,5.204914884962609,2.8605054542294757,2.5269622848735764,1.5502475548376982,1.3445930988639638,1.0174653334502917,0.6851212476332785
test_id,full-test_id-000125,2.90958571434021,1.102047483831627,7.405582012041612,8,6.719839317897351,True,0.0033632286995515697,50176.0,7.405582012041612,6.247468560031162,4.487810922066163,3.002610525583669,2.386398301889123,1.4216975854722755,1.2086776754216886,1.102047483831627
test_id,full-test_id-000860,3.545999765396118,0.7101090514435435,9.135335653563796,8,12.864694000158217,True,0.0033632286995515697,50176.0,9.135335653563796,7.761712810152095,3.8041736889067224,3.0494533902146697,1.775327743021972,1.4280571269213573,1.265025611260258,0.7101090514435435
test_id,full-test_id-000972,7.44036340713501,0.907867000208799,7.812503097981993,8,8.60533877339435,True,0.0033632286995515697,50176.0,7.812503097981993,6.634052979585975,4.045040593336696,2.1202165009895366,1.5954386637801277,1.362524428268272,1.1697617232734403,0.907867000208799
test_id,full-test_id-000185,4.519436836242676,0.9731844031058419,9.229639889460183,8,9.483957880957103,True,0.0033632286995515697,50176.0,9.229639889460183,7.806566568124302,3.7702489017729555,2.250495001811574,1.6056878070047993,1.5021680195722942,1.0853197238609285,0.9731844031058419
test_id,full-test_id-000337,9.146236419677734,0.5515122953020833,7.513075007525894,8,13.622679079911917,True,0.0033632286995515697,50176.0,7.513075007525894,5.035491175205569,2.8380777994577056,1.914635737367214,1.264752971348269,1.1907531363461328,0.8473788738321758,0.5515122953020833
test_id,full-test_id-000366,12.304306030273438,0.9203593725089488,10.341709554282005,8,11.236599379750926,True,0.0033632286995515697,50176.0,10.341709554282005,7.254320449774666,4.16442098032176,3.4988566901003457,1.946950182986865,1.5235532312999882,1.3660283749811195,0.9203593725089488
test_id,full-test_id-000565,4.281606197357178,1.0955382805346352,7.662261471903534,8,6.994060917856985,True,0.0033632286995515697,50176.0,7.662261471903534,6.716306009028348,5.348868732725276,2.765820216460538,1.915291120725474,1.3462659737066747,1.1789272992993136,1.0955382805346352
test_id,full-test_id-000783,7.1670308113098145,1.0794042380272535,11.220542951654695,8,10.39512590034077,True,0.0033632286995515697,50176.0,11.220542951654695,8.606994192759027,4.521223312489861,2.6441693838810716,2.294975645666003,1.55953672294258,1.2527186884057604,1.0794042380272535
test_id,full-test_id-000372,6.758927345275879,0.7876541788737247,6.515241451609151,8,8.27170302190914,True,0.0033632286995515697,50176.0,6.515241451609151,5.06158057817099,2.6446180057814077,1.8951419854173128,1.4355283482944683,1.2234658240919463,0.8496749678992377,0.7876541788737247
test_hole,full-test_hole-000385,4.208941459655762,0.7046846965539961,5.91674720865113,8,8.396304386323171,True,0.0033632286995515697,50176.0,5.91674720865113,4.563367615030766,3.3935245220534314,2.036804697930612,1.3920450614142554,1.0694074806059641,0.9631965878892383,0.7046846965539961
test_hole,full-test_hole-000465,8.817541122436523,0.909038013185188,9.034116165006738,8,9.938106035139281,True,0.0033632286995515697,50176.0,9.034116165006738,6.2022342038139575,3.073959577377848,2.8920539594724244,1.5382002185207964,1.36348660778613,1.1583355456461775,0.909038013185188
test_hole,full-test_hole-000744,4.90731954574585,0.6382736146127346,7.448036106016032,8,11.669033366724777,True,0.0033632286995515697,50176.0,7.448036106016032,4.652019556073145,3.2982434337741986,2.1497365196307348,1.5033368341853168,1.2462832613585493,1.0402813500530286,0.6382736146127346
test_hole,full-test_hole-000415,2.4419054985046387,0.670687275097772,7.109169194357466,8,10.599827159865377,True,0.0033632286995515697,50176.0,7.109169194357466,4.869422399302607,3.5534435885188853,1.8427441569460734,1.5585881123192207,1.2670748358741164,0.8715553789193582,0.670687275097772
test_hole,full-test_hole-000528,3.4919309616088867,0.8909842390299076,8.626255026807145,8,9.681714500583425,True,0.0033632286995515697,50176.0,8.626255026807145,5.538188630165483,4.032708631652858,2.3654072433862288,1.795014845094032,1.358864869319064,1.0924124690015402,0.8909842390299076
test_hole,full-test_hole-000413,9.833714485168457,0.9812613671633723,10.15000086648056,8,10.34383010086513,True,0.0033632286995515697,50176.0,10.15000086648056,5.603225947587504,3.913685670819903,3.598005618468067,2.160960162358527,1.5297091106673537,1.3199582143522888,0.9812613671633723
test_hole,full-test_hole-000915,13.267180442810059,0.9790564957215675,8.896019764136364,8,9.086319127661751,True,0.0033632286995515697,50176.0,8.896019764136364,6.10943472472899,4.486904702428184,2.6495420797392466,1.695678080772077,1.4935472161743875,1.220185975457729,0.9790564957215675
test_hole,full-test_hole-000205,10.221087455749512,0.796093509865432,6.858501439159337,8,8.615195770555479,True,0.0033632286995515697,50176.0,6.858501439159337,5.739230996239437,3.0904819388744733,2.5315295221708736,1.4997172639899212,1.325023612283784,1.2155815338559885,0.796093509865432
test_hole,full-test_hole-000359,4.726049900054932,0.8815576888557868,7.90160067824458,8,8.96322586500314,True,0.0033632286995515697,50176.0,7.90160067824458,5.51989090925779,3.851289966522261,2.4719462550059754,2.0952332336141914,1.3206994692255563,1.1528910215633517,0.8815576888557868
test_hole,full-test_hole-000689,7.65376615524292,1.0939940445192304,7.6306111395933,8,6.975002448890541,True,0.0033632286995515697,50176.0,7.6306111395933,7.069701346970453,6.160898494315714,4.289197125444174,2.3735634824282608,1.4067721987421087,1.164011405616388,1.0939940445192304
test_hole,full-test_hole-000506,16.015504837036133,0.8396020188048993,7.645318553726779,8,9.105883957507901,True,0.0033632286995515697,50176.0,7.645318553726779,5.725971011336357,3.2950830320436695,1.5530251166621232,1.421565977072583,1.316979911700196,0.9432796374929802,0.8396020188048993
test_hole,full-test_hole-000173,13.075277328491211,0.710400340676011,8.650169804962108,8,12.17647192670358,True,0.0033632286995515697,50176.0,8.650169804962108,6.601700295203957,3.343967787985491,2.708115358240659,1.5138863676226175,1.2494686363852527,1.1787729051610325,0.710400340676011
test_hole,full-test_hole-000300,4.004382133483887,0.7019580031958006,7.882613659460709,8,11.229466183979062,True,0.0033632286995515697,50176.0,7.882613659460709,4.484349213207026,3.5966639714249977,2.2103364120909332,2.1047595315213496,1.1765497511624234,1.085797656185982,0.7019580031958006
test_hole,full-test_hole-000174,6.046697616577148,0.8704020052632526,8.156308958107465,8,9.370737784135267,True,0.0033632286995515697,50176.0,8.156308958107465,5.325065150617961,3.776361121555847,2.389446680168633,2.1682244380616726,1.4084180316837642,1.2282418661739223,0.8704020052632526
test_hole,full-test_hole-000562,6.502077579498291,1.0633630358081032,8.279509586560842,8,7.786155158448615,True,0.0033632286995515697,50176.0,8.279509586560842,6.448151947183317,4.484825860538783,3.5366600697721293,1.9023584044943138,1.445545121250768,1.1915434806670047,1.0633630358081032
test_hole,full-test_hole-000407,5.118573188781738,1.0219583097357676,8.65052564768951,8,8.464656107083414,True,0.0033632286995515697,50176.0,8.65052564768951,6.27067327256219,4.195430828086163,2.581496216549142,2.1014754958903383,1.4158032124196336,1.2473085894817137,1.0219583097357676
test_hole,full-test_hole-000081,8.095449447631836,0.5663828522696266,7.344204130789161,8,12.96685466616661,True,0.0033632286995515697,50176.0,7.344204130789161,4.269284192180232,2.411637755585774,1.5079043733177546,1.3364215092367229,1.1184899272296467,0.9739125188145916,0.5663828522696266
test_hole,full-test_hole-000239,3.7689013481140137,1.2218869694605148,10.175743798072963,8,8.327892884041262,True,0.0033632286995515697,50176.0,10.175743798072963,7.010217488989893,4.30921361125212,3.942001510040619,2.249936856572783,1.5566030420875003,1.2595445112411132,1.2218869694605148
test_hole,full-test_hole-000933,19.106542587280273,0.6560844945152507,6.03710692292023,8,9.201721688882097,True,0.0033632286995515697,50176.0,6.03710692292023,4.183214941665925,3.417987277681823,1.8797757424055204,1.211707494145517,1.0844878007745833,0.8642692723395167,0.6560844945152507
test_hole,full-test_hole-000694,7.072629928588867,0.8076523261038653,8.180466688532105,8,10.128698233304023,True,0.0033632286995515697,50176.0,8.180466688532105,5.839860042786838,3.6994640217974086,1.734005372909141,1.5869417973469382,1.3126072294612272,0.9973451577876249,0.8076523261038653
test_hole,full-test_hole-000752,5.351947784423828,0.82936376581354,9.091504724365473,8,10.962023058057557,True,0.0033632286995515697,50176.0,9.091504724365473,4.770878602666082,3.708176111154871,2.460252047594442,1.4370108061192461,1.2945568555785505,1.0903718833140594,0.82936376581354
test_hole,full-test_hole-000717,3.422445058822632,1.1550179352694283,9.549262086891273,8,8.267630999741783,True,0.0033632286995515697,50176.0,9.549262086891273,7.681240584415043,4.20103056798541,3.747544314793029,2.1626095506817147,1.454838684400007,1.2815520302401406,1.1550179352694283
test_hole,full-test_hole-000484,4.808213710784912,0.512759084008062,6.290729158390844,8,12.268391442660304,True,0.0033632286995515697,50176.0,6.290729158390844,3.5614525735366995,2.3032141628852623,1.4919090986927481,1.2451691951155888,0.976456005940511,0.7315421812239706,0.512759084008062
test_hole,full-test_hole-000939,5.337149620056152,0.7797884788207912,7.217366477473098,8,9.255543873111996,True,0.0033632286995515697,50176.0,7.217366477473098,5.3091026328190605,3.58550260488407,1.9223193969740497,1.4072829881887785,1.2588941524305366,0.9789239828587897,0.7797884788207912
test_hole,full-test_hole-000634,2.77189302444458,1.0261147290928054,9.000224070360465,8,8.771167409630324,True,0.0033632286995515697,50176.0,9.000224070360465,5.40897781666493,3.8415572915280465,2.6084121530390045,1.603266880786774,1.4574815029089772,1.1150754565828096,1.0261147290928054
test_hole,full-test_hole-000712,6.963634967803955,0.6279524491565897,6.840471973238151,8,10.893296112509267,True,0.0033632286995515697,50176.0,6.840471973238151,4.117614474254946,2.8677802778128956,2.4573704758886117,1.5380597222685732,1.2667435025616385,0.7915118539827776,0.6279524491565897
test_hole,full-test_hole-000543,8.933515548706055,0.5855517266770115,7.622335515392322,8,13.017356397612978,True,0.0033632286995515697,50176.0,7.622335515392322,5.900451866918752,3.541805733385796,2.2403746668294007,1.492594468828419,1.3033157771184087,1.1322338013519275,0.5855517266770115
test_hole,full-test_hole-000037,10.680453300476074,1.0923445321479324,10.090790478001363,8,9.237736063144228,True,0.0033632286995515697,50176.0,10.090790478001363,5.917024926671769,4.052982029826128,2.72730564776082,2.255256487439802,1.6340670244014095,1.3069579621782577,1.0923445321479324
test_hole,full-test_hole-000045,6.897573947906494,0.8865201607435067,8.088371605090522,8,9.123731149336713,True,0.0033632286995515697,50176.0,8.088371605090522,6.394893425283387,5.232677795432131,3.30097095789554,1.8744703343338,1.335533875043995,1.1377858359571535,0.8865201607435067
test_hole,full-test_hole-000365,9.880256652832031,1.1067651818850122,9.466784292495445,8,8.553561719724392,True,0.0033632286995515697,50176.0,9.466784292495445,5.945801060956479,4.672561591215803,2.537889311455883,1.8108878043954804,1.5346272407006,1.1685960764429846,1.1067651818850122
test_hole,full-test_hole-000016,4.233839988708496,0.8483350494861981,6.811712755043771,8,8.029507632826613,True,0.0033632286995515697,50176.0,6.811712755043771,5.907909772850485,3.610413389111011,1.925383701584346,1.8809257241648085,1.2603332316804938,1.1636237931133437,0.8483350494861981
test_hole,full-test_hole-000946,8.858845710754395,0.8652208789725657,8.575667037190088,8,9.91153501447346,True,0.0033632286995515697,50176.0,8.575667037190088,6.87582065474401,3.2213931138163137,1.9222037479325902,1.3488380737100742,1.2874713636201522,0.9941487868437503,0.8652208789725657
test_hole,full-test_hole-000266,3.244964122772217,0.7976478924044641,6.933641126005393,8,8.692608846623198,True,0.0033632286995515697,50176.0,6.933641126005393,5.6095525725795135,4.308471746438029,2.889656745686088,1.7358627384126004,1.2008890154271878,1.0384765752775305,0.7976478924044641
test_hole,full-test_hole-000901,6.6711883544921875,1.0841540205668427,9.460940796561822,8,8.726565245420787,True,0.0033632286995515697,50176.0,9.460940796561822,6.719157940247114,4.343550226221734,3.3373939226477494,2.447111927992172,1.463739741115764,1.2838310243970217,1.0841540205668427
test_hole,full-test_hole-000033,9.133807182312012,0.535200839335208,6.688133268074688,8,12.496492487534692,True,0.0033632286995515697,50176.0,6.688133268074688,5.653271888417188,2.7101795040133627,1.8593914373241553,1.4396104283797797,1.3180897732109864,0.9560255154637752,0.535200839335208
test_hole,full-test_hole-000869,3.5183157920837402,0.7215663019310906,6.375718910260245,8,8.835943271182757,True,0.0033632286995515697,50176.0,6.375718910260245,5.9065291949207595,3.768231469637702,2.434063641083807,1.574655108102424,1.2149096222889666,0.9836713450529943,0.7215663019310906
test_hole,full-test_hole-000637,6.1795430183410645,0.6614530877746642,5.722012862902516,8,8.65067072580032,True,0.0033632286995515697,50176.0,5.722012862902516,4.774177854001538,2.6573193581940697,1.7112013698547213,1.477191487644049,1.0105333779347017,0.8746288108822602,0.6614530877746642
test_hole,full-test_hole-000176,4.602707862854004,0.8055251688063164,8.697598431247451,8,10.797426037148115,True,0.0033632286995515697,50176.0,8.697598431247451,4.043864213520164,3.248258234141853,2.244411577091236,1.819935315292224,1.3820915958380133,1.1341593130337386,0.8055251688063164
test_hole,full-test_hole-000517,4.956821441650391,0.8108917769399563,7.181391892540828,8,8.856165639810879,True,0.0033632286995515697,50176.0,7.181391892540828,5.097264138144808,3.970022575634811,2.026187739413199,1.6324498565258398,1.3903464248533999,1.0954296523067257,0.8108917769399563
test_hole,full-test_hole-000089,4.086846351623535,0.6528135149849054,5.235984668968686,8,8.020643796091989,True,0.0033632286995515697,50176.0,5.235984668968686,4.0992297795957136,2.811427200173821,2.082805047087694,1.4440942804726005,1.0193063025753264,0.6992487221606036,0.6528135149849054
test_hole,full-test_hole-000734,8.721163749694824,1.0622860671009362,9.081131809595233,8,8.548668848098863,True,0.0033632286995515697,50176.0,9.081131809595233,7.737370617692679,4.090523018833024,3.331964476043511,2.184076560781142,1.4200752569024062,1.3112743918588783,1.0622860671009362
test_hole,full-test_hole-000388,11.88946533203125,0.7554770816029606,7.348530123681064,8,9.727006023914129,True,0.0033632286995515697,50176.0,7.348530123681064,5.437081006036799,3.327908587911947,2.1822176390320864,1.4343218373046702,1.3239015690922302,1.124348112583415,0.7554770816029606
test_hole,full-test_hole-000618,9.507308006286621,0.7319291833104211,8.291099057487068,8,11.327733948231847,True,0.0033632286995515697,50176.0,8.291099057487068,4.662275355727286,3.3864734261382794,1.5060250099930648,1.4171848991470652,1.3486688062762073,0.829529802619492,0.7319291833104211
test_hole,full-test_hole-000098,5.769595146179199,1.051339702775457,9.148161036461602,8,8.701432098788956,True,0.0033632286995515697,50176.0,9.148161036461602,8.801494793265563,3.4924709975244492,2.5379628063697717,1.5976295817463295,1.41600369097352,1.2065633521379822,1.051339702775457
test_hole,full-test_hole-000257,3.5560312271118164,0.6442505147543393,6.716194404954966,8,10.424818065556277,True,0.0033632286995515697,50176.0,6.716194404954966,4.211069061537439,2.995448324247534,2.2346120639183784,1.3790344453399648,1.173337097599895,0.7123536320892403,0.6442505147543393
test_hole,full-test_hole-000758,9.198173522949219,0.9025462986417246,6.8953430361427825,8,7.639877363100197,True,0.0033632286995515697,50176.0,6.8953430361427825,5.966421252490006,3.2798239680110504,1.9251492204774396,1.5373157165746112,1.2942146978248505,1.1987948880404373,0.9025462986417246
test_hole,full-test_hole-000582,9.528935432434082,0.8208456529194772,8.103998717186533,8,9.872743661811795,True,0.0033632286995515697,50176.0,8.103998717186533,5.166071394007101,3.6715582180732045,1.6227620154155218,1.5184726029346156,1.3409636789421593,0.9195513980809334,0.8208456529194772
test_hole,full-test_hole-000043,2.6878533363342285,0.7371815675764511,6.747536529483617,8,9.153154156670972,True,0.0033632286995515697,50176.0,6.747536529483617,5.599414512566983,3.9852717271651645,2.354235390164046,1.5445065039614643,1.1222461645617077,1.063785439952474,0.7371815675764511
test_hole,full-test_hole-000867,3.003664493560791,0.8398120386104438,5.977337087054372,8,7.117470115032521,True,0.0033632286995515697,50176.0,5.977337087054372,5.675729548638976,3.483562468374889,2.1590837633006204,1.746903672126133,1.129257169939748,1.0772489736432886,0.8398120386104438
test_hole,full-test_hole-000656,9.913215637207031,0.5715074273475126,7.812018156551918,8,13.669145461169515,True,0.0033632286995515697,50176.0,7.812018156551918,5.026065564058432,3.653836817793605,2.0283681621901257,1.3160979354693023,1.2589969917635135,0.8028873830788128,0.5715074273475126
test_hole,full-test_hole-000152,4.011889934539795,0.8042767186601326,8.182428411547487,8,10.173648225425232,True,0.0033632286995515697,50176.0,8.182428411547487,7.438368120589311,3.2610555050112917,2.247695870478242,1.4674074692750299,1.3596361046543568,1.145079266180312,0.8042767186601326
test_hole,full-test_hole-000273,7.4846649169921875,0.7662892467395519,7.662454705509808,8,9.999428725004854,True,0.0033632286995515697,50176.0,7.662454705509808,5.588750088646751,2.7900750051169605,2.0237232707962636,1.4996988527289656,1.184164511860072,1.1287040849736727,0.7662892467395519
test_hole,full-test_hole-000306,5.509051322937012,0.8948996041307724,7.918242769700809,8,8.848191163736072,True,0.0033632286995515697,50176.0,7.918242769700809,6.34806954329884,4.40861719116038,2.7979824970539386,1.9649885410953982,1.3620532971714867,1.094174379961356,0.8948996041307724
test_hole,full-test_hole-000905,3.2546634674072266,1.067724017977079,7.794676110047561,8,7.300272335182115,True,0.0033632286995515697,50176.0,7.794676110047561,7.07058338728057,6.243505121808381,3.833408548883832,2.0502172866639334,1.4038355552611412,1.2375859216649086,1.067724017977079
test_hole,full-test_hole-000544,4.555650234222412,1.0755153294694073,7.912798383323217,8,7.35721580763233,True,0.0033632286995515697,50176.0,7.912798383323217,5.725091695754146,4.16241593034786,3.6999084439428414,2.2368750319430886,1.3942736194245808,1.2092093751250041,1.0755153294694073
test_hole,full-test_hole-000927,3.2530462741851807,0.8084753307545413,7.10958860531886,8,8.79382256312454,True,0.0033632286995515697,50176.0,7.10958860531886,5.093608180035761,3.7094226403155486,2.8270319963860153,1.791992517471574,1.359207767005009,1.0362123481252983,0.8084753307545413
test_hole,full-test_hole-000313,7.564730167388916,0.7322983915900142,6.965680632259236,8,9.51207965530949,True,0.0033632286995515697,50176.0,6.965680632259236,5.979480925546275,2.8573300510813233,1.8824323517560375,1.3046251462066676,1.1714119882741192,0.8330948249089677,0.7322983915900142
test_hole,full-test_hole-000244,6.781270503997803,0.9583524366097733,9.39627855220176,8,9.804616958497684,True,0.0033632286995515697,50176.0,9.39627855220176,5.570783982915069,3.6952858861467983,2.062541761414869,1.6799014418052343,1.4722256647437604,1.0035877514224762,0.9583524366097733
test_hole,full-test_hole-000000,8.776650428771973,1.18586098344848,8.76547816432185,8,7.3916574427062,True,0.0033632286995515697,50176.0,8.76547816432185,8.26739949243474,3.7309932009263136,2.6379299901712923,1.7607750963428812,1.484549560198615,1.2777573008020762,1.18586098344848
test_hole,full-test_hole-000999,6.609127521514893,0.6629869324539763,6.371693173958077,8,9.610586366120257,True,0.0033632286995515697,50176.0,6.371693173958077,5.662275586723055,3.226268061999158,2.3547520577794328,1.2900471697209908,1.2069580112625584,1.171570723329282,0.6629869324539763
test_hole,full-test_hole-000972,5.8382086753845215,0.7893060494298063,6.72724270618455,8,8.522983842635314,True,0.0033632286995515697,50176.0,6.72724270618455,5.069487687183131,3.7852511516688403,2.27666179486694,1.5889983578593374,1.3208873351636556,1.1302182856653618,0.7893060494298063
test_hole,full-test_hole-000584,7.945010185241699,0.9570006642788149,8.765120179078153,8,9.1589488975783,True,0.0033632286995515697,50176.0,8.765120179078153,5.57222687610998,3.9492960198279294,3.621877434770659,2.006966736755634,1.5141513495661552,1.0978050005816995,0.9570006642788149
test_hole,full-test_hole-000911,6.353426933288574,1.1543643822970413,9.058724224941649,8,7.847369828680885,True,0.0033632286995515697,50176.0,9.058724224941649,7.296078144021152,4.428739697453797,3.440229746794548,2.3400326602649506,1.4163668643236729,1.1565875472455462,1.1543643822970413
test_hole,full-test_hole-000888,3.708242654800415,0.7062259879797403,7.2065870340968745,8,10.204363980872948,True,0.0033632286995515697,50176.0,7.2065870340968745,4.46844345272083,3.166268016634918,1.8478778549684172,1.4835810644237508,1.2028292646874625,0.7955164407092294,0.7062259879797403
test_hole,full-test_hole-000384,2.3963260650634766,0.8568303990761179,6.677056987704583,8,7.792740541073422,True,0.0033632286995515697,50176.0,6.677056987704583,5.166522410930005,3.5326058044129374,2.0535425710967354,1.663697461635022,1.2065589510933197,1.130526517358344,0.8568303990761179
test_hole,full-test_hole-000699,6.830185890197754,0.7414915791613386,6.627012014805432,8,8.937406979457394,True,0.0033632286995515697,50176.0,6.627012014805432,4.697728853306807,2.800146205098146,1.6708968758630998,1.522951405882448,1.0182208584483412,0.915031504550868,0.7414915791613386
test_hole,full-test_hole-000005,5.02705192565918,0.740061971554581,5.983727066586383,8,8.08544053954956,True,0.0033632286995515697,50176.0,5.983727066586383,5.834720844893669,3.4234362501443147,1.8279697539105593,1.6596499621257292,1.2427347943845348,1.0323659581280054,0.740061971554581
test_hole,full-test_hole-000797,7.5800862312316895,0.698296158036764,8.099632686049537,8,11.599136831600763,True,0.0033632286995515697,50176.0,8.099632686049537,5.3768458900583775,3.83313115784018,2.530547402703513,2.131062711491617,1.1802964506213907,1.1400124863235914,0.698296158036764
test_hole,full-test_hole-000216,2.5050063133239746,0.8872773277604515,7.035606509143347,8,7.929433435318016,True,0.0033632286995515697,50176.0,7.035606509143347,6.576273784245986,4.401058123010533,2.8820129535320893,1.6584866007300363,1.4495422553456399,1.2837776679982904,0.8872773277604515
test_hole,full-test_hole-000476,8.756889343261719,1.2606327837867175,8.399117232822299,8,6.662620027691838,True,0.0033632286995515697,50176.0,8.399117232822299,7.489527984519436,4.209245351566971,2.3156032474818984,1.8100790956146011,1.4450343807309949,1.3402899461945095,1.2606327837867175
test_hole,full-test_hole-000472,10.62687873840332,0.6454173326210627,7.8842838625821265,8,12.215791959852968,True,0.0033632286995515697,50176.0,7.8842838625821265,4.504708581803977,3.339140020101559,2.116906118199533,1.39251511091539,1.2728876418105268,0.8857628554415562,0.6454173326210627
test_hole,full-test_hole-000289,4.004249572753906,0.9469183263578252,7.959709009491215,8,8.405908712430357,True,0.0033632286995515697,50176.0,7.959709009491215,6.946718790586456,4.857965457544255,3.0665202843481283,1.7601696436667453,1.3844604956160471,1.2306803860438793,0.9469183263578252
test_hole,full-test_hole-000820,5.420720100402832,0.7909084012470841,6.8184088486955154,8,8.620984222628591,True,0.0033632286995515697,50176.0,6.8184088486955154,5.5127505175597316,4.256355555898749,2.388284244522911,1.64336676742699,1.2090098736746668,1.0614593380364836,0.7909084012470841
test_hole,full-test_hole-000846,5.574618816375732,0.7645433196157817,6.3730530931455815,8,8.335764540259582,True,0.0033632286995515697,50176.0,6.3730530931455815,4.601543075715356,3.4800171887284383,2.2021089372184623,1.3949190051250209,1.062691641752379,0.8356423950684502,0.7645433196157817
test_hole,full-test_hole-000363,6.551855087280273,0.8097638762751508,6.5431240552735614,8,8.080286422964939,True,0.0033632286995515697,50176.0,6.5431240552735614,4.701076781717952,3.8968355718921663,1.9984299160651326,1.4411900897532588,1.2116835476642354,0.9158179627629163,0.8097638762751508
test_hole,full-test_hole-000848,4.673734188079834,0.7381134409827509,7.761171543094896,8,10.514876321397686,True,0.0033632286995515697,50176.0,7.761171543094896,4.8887349335377985,3.7249430592047093,2.5871652604371485,1.621467064654129,1.190975358458174,0.8745310997188656,0.7381134409827509
test_hole,full-test_hole-000091,4.553314208984375,0.8741022304365073,7.879361899097833,8,9.014233832995775,True,0.0033632286995515697,50176.0,7.879361899097833,7.206304289496434,3.641959584603633,2.2104407095113996,1.5932796868824208,1.2262327115923943,1.1434757238203348,0.8741022304365073
test_hole,full-test_hole-000909,3.1974236965179443,1.0144379710580986,6.876043179469438,8,6.778180012620639,True,0.0033632286995515697,50176.0,6.876043179469438,6.0861691229651615,4.1093303477129925,3.0850493222833753,2.085514399403086,1.3574597303890685,1.0690035701464349,1.0144379710580986
test_hole,full-test_hole-000122,8.644059181213379,0.754371388071417,8.219208518628779,8,10.895440427083987,True,0.0033632286995515697,50176.0,8.219208518628779,4.4313086934228005,2.710351806851946,1.9216588099105885,1.490490305851323,1.2346672040362536,0.7872961632900682,0.754371388071417
test_hole,full-test_hole-000693,5.518854141235352,0.568576430963796,5.120645939658177,8,9.00608196329586,True,0.0033632286995515697,50176.0,5.120645939658177,4.670360960068332,2.6124675132334247,1.6077992937145853,1.1969083347368499,1.1633926385650477,0.8007834750085409,0.568576430963796
test_hole,full-test_hole-000732,3.993687391281128,0.97795341245002,7.9239131163456245,8,8.102546619776318,True,0.0033632286995515697,50176.0,7.9239131163456245,6.24932016322949,4.630784447727012,3.4357933090300112,2.1995689223565233,1.3624064799180062,1.111151198830182,0.97795341245002
test_hole,full-test_hole-000120,10.736248016357422,0.7890495396827876,7.436195503475549,8,9.424244143739108,True,0.0033632286995515697,50176.0,7.436195503475549,5.1863172231884755,3.206424563844026,1.8544915129736972,1.5617216138069066,1.1938883609415176,0.921132163205143,0.7890495396827876
test_hole,full-test_hole-000035,3.6836025714874268,1.012624267302391,7.854002144685062,8,7.756087226319345,True,0.0033632286995515697,50176.0,7.854002144685062,5.914710464377378,4.034216121489168,3.430301852321348,2.301271210596517,1.2705850794631675,1.2517608716563429,1.012624267302391
test_hole,full-test_hole-000875,4.047264575958252,0.9869094362603895,8.485285739923071,8,8.597836263553857,True,0.0033632286995515697,50176.0,8.485285739923071,7.3645072154283895,4.9367431698914634,3.5373408408533344,2.0260943737179584,1.4496375148396863,1.2938368175017914,0.9869094362603895
test_hole,full-test_hole-000469,1.5251880884170532,0.6560750373792347,6.761932510394417,8,10.306645010311192,True,0.0033632286995515697,50176.0,6.761932510394417,4.796931969602247,2.5406993976514447,2.3240862000327174,1.9895500572003963,1.2066941520864842,1.0012609014023328,0.6560750373792347
test_hole,full-test_hole-000438,3.5022482872009277,0.622945012471847,7.432738005285159,8,11.931611709662848,True,0.0033632286995515697,50176.0,7.432738005285159,5.880583249884797,3.808612743476236,2.1669216254138037,1.7241785451481884,1.182283369149486,0.8957050812535221,0.622945012471847
test_hole,full-test_hole-000161,3.3226091861724854,0.6747233515459216,6.084405578133141,8,9.017630061554254,True,0.0033632286995515697,50176.0,6.084405578133141,5.502592193315084,3.444788390944094,1.8464377968140426,1.268890472447619,1.1517609023432294,0.9115361831643104,0.6747233515459216
test_hole,full-test_hole-000755,3.9454848766326904,0.6928547902730782,6.064995146050856,8,8.75363096452062,True,0.0033632286995515697,50176.0,6.064995146050856,4.8812556504069695,3.4079167169202385,2.35492999048011,1.6973195826656557,1.1289186966767242,0.8500744081413263,0.6928547902730782
test_hole,full-test_hole-000985,7.216339588165283,0.8087364516626561,7.427209950549309,8,9.183721019721492,True,0.0033632286995515697,50176.0,7.427209950549309,4.89647625640803,3.305099492672902,1.7497984823655708,1.462825362360374,1.314636808046077,0.9881497472114371,0.8087364516626561
test_hole,full-test_hole-000828,19.12168312072754,0.8648446534728349,8.924098234432442,8,10.318729726312347,True,0.0033632286995515697,50176.0,8.924098234432442,6.242666970408282,3.8101344436462514,2.5696228058201958,1.546406752940617,1.3355556227595937,1.2402129798644852,0.8648446534728349
test_hole,full-test_hole-000188,3.002530097961426,0.7401972321945159,7.557352671304926,8,10.209917495772173,True,0.0033632286995515697,50176.0,7.557352671304926,5.346189717445733,3.9049902078872445,2.870421824200334,1.768903913085928,1.2611424698074096,0.8732893361867267,0.7401972321945159
test_hole,full-test_hole-000789,3.0700597763061523,0.9198123310059348,9.153121838656725,8,9.95107537713328,True,0.0033632286995515697,50176.0,9.153121838656725,4.706419368386562,3.4343439155834425,2.0582766935662242,1.7618861661397884,1.4871645419002728,1.1601905367192697,0.9198123310059348
test_hole,full-test_hole-000160,3.3765532970428467,1.1637099418342758,8.642719195552235,8,7.42686719847844,True,0.0033632286995515697,50176.0,8.642719195552235,6.86058561902552,5.635262381641553,3.23874201698176,1.9105210802373849,1.5060203472900706,1.281431044718865,1.1637099418342758
test_hole,full-test_hole-000958,11.44604778289795,0.6873490535857779,8.594733514471983,8,12.504175963631265,True,0.0033632286995515697,50176.0,8.594733514471983,3.33539843405436,2.091252754842352,1.5829029934244825,1.445565900570794,1.011905922412213,0.836944556402611,0.6873490535857779
test_hole,full-test_hole-000202,4.598658561706543,0.8816646363550737,8.283739762917314,8,9.395567681112249,True,0.0033632286995515697,50176.0,8.283739762917314,7.059060338285082,3.9349641360874372,1.8787192913646935,1.6660208908186993,1.3551698952923283,0.9622648721458372,0.8816646363550737
test_hole,full-test_hole-000317,6.019501686096191,1.0285566033527227,8.58895812573885,8,8.3504963146821,True,0.0033632286995515697,50176.0,8.58895812573885,6.4614376558928255,4.1500401169240355,3.046687460746552,2.4122722425461185,1.376757188966063,1.193060863519735,1.0285566033527227
test_hole,full-test_hole-000128,4.771781921386719,0.9852940384183999,7.55710745795179,8,7.669900723323674,True,0.0033632286995515697,50176.0,7.55710745795179,5.282231647852943,4.268333193406579,2.0714558045783495,1.7797730331386348,1.3775267014142665,1.1422715064496831,0.9852940384183999
test_hole,full-test_hole-000763,7.653776168823242,0.9268493018495967,8.30688505738414,8,8.96249804666965,True,0.0033632286995515697,50176.0,8.30688505738414,6.23308887370814,4.682610259292303,2.2290998369604873,1.5628817453226285,1.3125804172068578,1.037539657448856,0.9268493018495967
test_hole,full-test_hole-000446,4.697616100311279,0.9759005919578592,8.489237862488462,8,8.698875615453096,True,0.0033632286995515697,50176.0,8.489237862488462,7.012549497938925,4.851627222763078,3.5033182340103344,2.11699308202661,1.4633805068381658,1.1683445264442305,0.9759005919578592
test_hole,full-test_hole-000774,4.784870147705078,0.8614191782335092,6.772088048312352,8,7.861547803242207,True,0.0033632286995515697,50176.0,6.772088048312352,5.58398604197826,2.933141279666536,2.822858036403131,2.221788010786329,1.3569185264990686,1.2180268689200804,0.8614191782335092
test_hole,full-test_hole-000586,2.478741407394409,0.7303811968929885,6.176301505297261,8,8.456271234214398,True,0.0033632286995515697,50176.0,6.176301505297261,4.6400581815652195,3.622444579405635,1.8129123662645192,1.3945281415448347,1.1420532930018057,0.9353958205129617,0.7303811968929885
test_hole,full-test_hole-000330,4.29224967956543,0.7919740304215273,5.626344338309097,8,7.104203070035619,True,0.0033632286995515697,50176.0,5.626344338309097,5.329430207545192,4.1191075978877345,2.0140878236969417,1.6013148659732799,1.1722398794264584,0.9548981182109707,0.7919740304215273
test_hole,full-test_hole-000024,16.89942169189453,0.7295979903112001,8.187005638475195,8,11.221255742471467,True,0.0033632286995515697,50176.0,8.187005638475195,7.2486448796370775,3.9000381438214022,2.727649605481466,1.4993316726550585,1.4423037831192382,1.2337632862866676,0.7295979903112001
test_hole,full-test_hole-000512,4.291531085968018,0.617227225605537,6.069620758832739,8,9.833689291456768,True,0.0033632286995515697,50176.0,6.069620758832739,3.7476225603094298,2.968482806210862,1.7720968901053633,1.3202093311620373,1.0503960722429975,0.8349599073593782,0.617227225605537
test_hole,full-test_hole-000162,3.2888875007629395,1.060882018492834,9.289112915276144,8,8.756028241927346,True,0.0033632286995515697,50176.0,9.289112915276144,8.581572968096932,4.232708732794308,2.3954408683832553,1.8446172294901537,1.5063491473454325,1.3306015817777337,1.060882018492834
test_hole,full-test_hole-000172,4.815639019012451,0.925857892348859,7.225087636312084,8,7.803668031583517,True,0.0033632286995515697,50176.0,7.225087636312084,6.617075986152849,4.1899730505899875,3.0430358052589184,1.9421869810902317,1.3860912462075647,1.155166832387642,0.925857892348859
test_hole,full-test_hole-000278,4.954001426696777,1.001596046026675,9.106160905984293,8,9.091650213784662,True,0.0033632286995515697,50176.0,9.106160905984293,6.678213598400123,3.878466810615651,2.7503265759353925,1.73312364165655,1.6007893073310546,1.311209019094706,1.001596046026675
test_hole,full-test_hole-000597,5.423598289489746,0.7026102912324079,8.011779101141995,8,11.402877528436138,True,0.0033632286995515697,50176.0,8.011779101141995,6.519062330291859,4.340222722210643,2.7196945985450993,1.9780504666658605,1.3963732131170814,1.011640332517732,0.7026102912324079
test_hole,full-test_hole-000170,3.527568817138672,0.9408619255520522,8.787679207869633,8,9.340030634902618,True,0.0033632286995515697,50176.0,8.787679207869633,6.600728568565606,5.144185021102417,3.4273272375374075,1.9964752909306818,1.483294009705902,1.1441172247693423,0.9408619255520522
test_hole,full-test_hole-000338,2.198317527770996,0.858410920699567,6.450079814283858,8,7.5139768830379365,True,0.0033632286995515697,50176.0,6.450079814283858,4.006461761237013,3.643960443811494,2.3468129380212477,1.7962423540870545,1.369378520448863,0.8900146735812331,0.858410920699567
test_hole,full-test_hole-000321,9.475373268127441,1.0231523760143584,7.376900310382274,8,7.209972320172524,True,0.0033632286995515697,50176.0,7.376900310382274,7.0866192281166365,6.197073585505059,3.8412359310771644,2.1951506822749596,1.3864709421881714,1.1663815539952538,1.0231523760143584
test_hole,full-test_hole-000213,3.2818591594696045,1.156612496611169,9.247473523898654,8,7.99530832581647,True,0.0033632286995515697,50176.0,9.247473523898654,7.843287725208809,5.4369349610803095,4.132073778634326,2.2669785791618056,1.6247462455736923,1.264229105387363,1.156612496611169
test_hole,full-test_hole-000312,2.107332468032837,0.9147732938240284,6.860600343838137,8,7.499782066394569,True,0.0033632286995515697,50176.0,6.860600343838137,5.87305427556632,4.723286599416428,2.935679594717575,1.7087376197889286,1.3376433483133758,1.1285894644921375,0.9147732938240284
test_hole,full-test_hole-000343,17.379165649414062,0.7402981029691164,7.825175139219316,8,10.5703028385928,True,0.0033632286995515697,50176.0,7.825175139219316,4.794032724561742,4.067918830733189,2.42373132744885,1.4344205119210733,1.256072018834227,0.9389277451128476,0.7402981029691164
test_hole,full-test_hole-000434,15.847875595092773,0.6377106392273997,8.554386324268656,8,13.41421296441358,True,0.0033632286995515697,50176.0,8.554386324268656,3.2096533017602624,2.70246418602055,1.7385654087531093,1.5507033590484267,1.2212049455420526,1.0955457451618085,0.6377106392273997
test_hole,full-test_hole-000260,5.619919300079346,1.214641087261556,10.407405942563647,8,8.568297295151977,True,0.0033632286995515697,50176.0,10.407405942563647,7.965075752525051,4.8412866837550865,4.167533983271366,2.452776676577325,1.611080066134171,1.367995427868253,1.214641087261556
test_hole,full-test_hole-000941,3.792292833328247,1.0078402276788858,8.395598900508327,8,8.33028754948974,True,0.0033632286995515697,50176.0,8.395598900508327,6.216379548505969,3.896601620713153,2.542174917734152,1.6890765766216524,1.502976584986842,1.2251738747302083,1.0078402276788858
test_hole,full-test_hole-000638,7.384693145751953,0.7108756677708846,8.234196144379574,8,11.583173426373987,True,0.0033632286995515697,50176.0,8.234196144379574,6.285892784020906,3.0504688062349286,1.8944755624653566,1.5434567540409048,1.404555974968267,1.0273422596570774,0.7108756677708846
test_hole,full-test_hole-000334,4.089807510375977,0.9229375619284802,7.336609036098421,8,7.949193248531959,True,0.0033632286995515697,50176.0,7.336609036098421,6.557075314824087,3.9376652922956867,2.7519480097546167,1.8383898439124073,1.2819838450729621,1.179829239410928,0.9229375619284802
test_hole,full-test_hole-000518,20.41836166381836,0.77090722874012,8.16733044517017,8,10.594440083948745,True,0.0033632286995515697,50176.0,8.16733044517017,5.2866018918750575,2.7574689769492053,1.8481433704273247,1.3871681548289005,1.284007118044669,1.126168685785708,0.77090722874012
test_hole,full-test_hole-000889,10.00532341003418,1.1445918804389246,10.788420585645552,8,9.42556099691048,True,0.0033632286995515697,50176.0,10.788420585645552,6.566495167418684,4.76562589917012,4.224933143601275,2.219911090334062,1.5894628286412595,1.4160808898046149,1.1445918804389246
test_hole,full-test_hole-000640,5.354710102081299,1.0836328080690516,8.955427909364666,8,8.264264280926058,True,0.0033632286995515697,50176.0,8.955427909364666,7.795585077421574,4.17670460585932,2.644406618902872,2.2413468909696115,1.3757418307534934,1.2475850763207363,1.0836328080690516
test_hole,full-test_hole-000811,3.6846396923065186,0.8091581021743546,7.567714250741886,8,9.352577982480884,True,0.0033632286995515697,50176.0,7.567714250741886,5.127211333045928,4.0641372730716805,2.6996481380706574,1.4578868802049796,1.3580404751644506,1.0500165625840807,0.8091581021743546
test_hole,full-test_hole-000223,3.2811357975006104,0.9848563001999597,7.8592191158697835,8,7.980066852670883,True,0.0033632286995515697,50176.0,7.8592191158697835,5.642880604360978,5.200084441286763,3.3002407433997747,1.7891537521056666,1.4212502050424314,1.1165908103576392,0.9848563001999597
test_hole,full-test_hole-000994,20.570463180541992,0.49060356438864505,6.155930525753567,8,12.547667755786987,True,0.0033632286995515697,50176.0,6.155930525753567,4.449191031755223,3.0903070652498563,1.7526458458919354,1.2340317581349136,0.9972643408066801,0.7225063263253277,0.49060356438864505
test_hole,full-test_hole-000531,13.355198860168457,0.6313819593054646,7.87174006895886,8,12.467477020752959,True,0.0033632286995515697,50176.0,7.87174006895886,4.956940808321427,3.825041143168655,2.3340593310630156,1.4411330395721216,1.2664307179178929,0.8268001733500666,0.6313819593054646
test_hole,full-test_hole-000252,8.94359302520752,0.6886365828595483,8.330014394492286,8,12.096386689045888,True,0.0033632286995515697,50176.0,8.330014394492286,5.324400423478137,2.8130812373638507,2.2747533357108773,1.3967403156457783,1.356526238945889,1.1213217481358768,0.6886365828595483
test_hole,full-test_hole-000537,24.003807067871094,0.7956546418416104,7.081401666221483,8,8.900094706707142,True,0.0033632286995515697,50176.0,7.081401666221483,4.590059444897716,4.014243843801709,2.265392323056767,1.3867931508482252,1.2508394012183062,0.9309373133695129,0.7956546418416104
test_hole,full-test_hole-000094,2.365361213684082,1.0397051998012237,9.82675736728156,8,9.451484294933113,True,0.0033632286995515697,50176.0,9.82675736728156,5.934058195168225,3.9830352206381585,3.204305111725138,2.1824913356397686,1.5869399282063994,1.2597429388516759,1.0397051998012237
test_hole,full-test_hole-000078,11.78988265991211,0.9356543343557151,7.619928469917863,8,8.143956790586442,True,0.0033632286995515697,50176.0,7.619928469917863,5.753426529437157,4.091675474619995,3.01804846908949,1.81162134061734,1.3413042337618455,1.2633341520862444,0.9356543343557151
test_hole,full-test_hole-000350,8.694103240966797,0.8976661404730955,8.269029020870697,8,9.211697587827791,True,0.0033632286995515697,50176.0,8.269029020870697,5.725811511206545,3.6017883734849634,1.7400348212770946,1.415624815541116,1.3580758128582777,0.9367655224764209,0.8976661404730955
test_hole,full-test_hole-000488,3.3400347232818604,0.7405667241736367,6.358934181162453,8,8.586578323861481,True,0.0033632286995515697,50176.0,6.358934181162453,4.748345501409386,3.592355346422955,1.864203684408712,1.5827764275946918,1.02870822147072,0.9411800019494483,0.7405667241736367
test_hole,full-test_hole-000044,4.427032470703125,0.719787368511663,5.482511614569322,8,7.616848884005509,True,0.0033632286995515697,50176.0,5.482511614569322,4.3500854685711765,3.535906264582682,2.215110163473247,1.7731921826047103,1.0747156063222274,1.0117703622170486,0.719787368511663
test_hole,full-test_hole-000555,2.645540714263916,0.9021168627813732,8.014708241377752,8,8.884334804104096,True,0.0033632286995515697,50176.0,8.014708241377752,6.1991149211498415,5.515578605775691,3.4684949014664297,1.9098999366522196,1.3426407195230452,1.1667011896704922,0.9021168627813732
test_hole,full-test_hole-000983,4.828722953796387,0.7082748044020063,6.423067751327828,8,9.068609685686617,True,0.0033632286995515697,50176.0,6.423067751327828,4.911701278880476,3.2060723702275427,1.8318885843421595,1.598144245192334,1.2832115240775284,0.9402742973544961,0.7082748044020063
test_hole,full-test_hole-000341,4.102755069732666,0.8438772977910982,7.60501458761081,8,9.011990970153379,True,0.0033632286995515697,50176.0,7.60501458761081,5.320294069728998,3.6854564865089197,2.804985615317969,2.0663052069883645,1.2302401585683052,1.1445277997780308,0.8438772977910982
test_hole,full-test_hole-000014,10.641156196594238,0.8410709960506565,8.019863734881344,8,9.535299365379993,True,0.0033632286995515697,50176.0,8.019863734881344,6.857034833283104,3.723579166508541,3.000690486717402,1.5928107676394807,1.4466143882664388,1.3060001721937957,0.8410709960506565
test_hole,full-test_hole-000421,3.726266860961914,0.8131232225557388,6.9268943349461125,8,8.518874068279708,True,0.0033632286995515697,50176.0,6.9268943349461125,4.347575719511056,3.8433729330735065,2.2805909049282183,1.3897801382655346,1.2908373019546027,1.0405048902655083,0.8131232225557388
test_hole,full-test_hole-000560,12.74853229522705,0.5831340108537518,6.3508176495231785,8,10.890837322668089,True,0.0033632286995515697,50176.0,6.3508176495231785,4.721406813553049,3.5093054998957585,2.0696304396844964,1.333522372798028,1.1114558847933573,0.8983049859554686,0.5831340108537518
test_hole,full-test_hole-000394,3.302424669265747,0.5939326091258045,6.7645803521594985,8,11.38947457711764,True,0.0033632286995515697,50176.0,6.7645803521594985,5.329533388067747,3.615097454652367,2.0623201218176366,1.3689804255685578,1.0099467044196127,0.9278215958490319,0.5939326091258045
test_hole,full-test_hole-000391,3.5975728034973145,1.0501781059117221,8.083032550926564,8,7.696820668251508,True,0.0033632286995515697,50176.0,8.083032550926564,6.873673192565932,4.595101599544765,2.686189455293836,1.8780336098304804,1.3803986109742232,1.2284444489917452,1.0501781059117221
test_hole,full-test_hole-000242,3.6173598766326904,0.31342465408862347,5.378685665641908,8,17.161016516974566,True,0.0033632286995515697,50176.0,5.378685665641908,4.290806017335087,2.4132968326809667,1.3063909743505548,1.1636382023139493,0.9876853555151854,0.654485592027854,0.31342465408862347
test_hole,full-test_hole-000276,4.490423202514648,0.6531564103807996,7.071132992138661,8,10.826094454184547,True,0.0033632286995515697,50176.0,7.071132992138661,5.047836763750196,3.0671015794537126,1.6045311399584545,1.330842520828817,1.2326320594262181,0.7258735071261398,0.6531564103807996
test_hole,full-test_hole-000347,4.275374412536621,1.0620198230053917,7.913735547467447,8,7.451589298090974,True,0.0033632286995515697,50176.0,7.913735547467447,7.267003047086637,6.074250755005732,4.039242772398909,2.1736503079450338,1.3768899001278099,1.232574933249828,1.0620198230053917
test_hole,full-test_hole-000054,20.008033752441406,0.7939225870813886,6.994546509475923,8,8.810111493601934,True,0.0033632286995515697,50176.0,6.994546509475923,6.167563854535827,3.9785462234729665,2.397650214613551,1.4077295137163377,1.2327598410114937,1.1575615947965288,0.7939225870813886
test_hole,full-test_hole-000527,10.23527717590332,0.8871529634446667,7.279341757293853,8,8.20528370781673,True,0.0033632286995515697,50176.0,7.279341757293853,5.729230313224146,3.999759165046,2.1659537630393113,1.426664055996196,1.400183625819877,1.1127434470173927,0.8871529634446667
test_hole,full-test_hole-000550,5.110894203186035,0.5754263460307213,7.728980511291414,8,13.431745982097894,True,0.0033632286995515697,50176.0,7.728980511291414,4.231698141185474,3.6261926904175787,1.6385465793302156,1.2153107451007192,1.1379851321122292,1.0098233115770903,0.5754263460307213
test_hole,full-test_hole-000845,2.1275534629821777,1.0149903766005628,8.459787749339142,8,8.334845279689178,True,0.0033632286995515697,50176.0,8.459787749339142,6.027733836957599,5.193275601838567,3.364477686100514,1.7669876541304923,1.4401583541577831,1.2622143007514748,1.0149903766005628
test_hole,full-test_hole-000220,15.497180938720703,0.8190596487221619,8.615742020183946,8,10.519065410712894,True,0.0033632286995515697,50176.0,8.615742020183946,7.308966829892882,4.123521328544402,3.229545732304442,1.6891318798869965,1.3777762984974482,1.2811581928632927,0.8190596487221619
test_hole,full-test_hole-000978,4.440418720245361,0.7723329411895656,6.153907818601427,8,7.967946840546554,True,0.0033632286995515697,50176.0,6.153907818601427,4.574504117454208,3.227559153478849,2.0275803311292346,1.5389400541978344,1.1428840221701722,0.950290838555559,0.7723329411895656
test_hole,full-test_hole-000993,5.720083236694336,0.835070787044186,5.659058375153728,8,6.776740921790012,True,0.0033632286995515697,50176.0,5.659058375153728,4.464886382652292,4.114092208741716,2.3129776664508035,1.6903381333289096,1.0958478669362939,0.9304702867627012,0.835070787044186
test_hole,full-test_hole-000309,4.567569255828857,0.6077232600233096,5.836541297269293,8,9.60394587668971,True,0.0033632286995515697,50176.0,5.836541297269293,4.399528971015577,2.775961743011329,2.0457020324548445,1.3225705060133586,1.081881067034145,0.7627872234520215,0.6077232600233096
test_hole,full-test_hole-000840,5.961697578430176,0.9411201748163823,7.381018132202253,8,7.842800876776794,True,0.0033632286995515697,50176.0,7.381018132202253,6.23045359647169,4.26649747577479,2.0877076734737012,1.5848411070127897,1.2335706593652611,1.0581469001450894,0.9411201748163823
test_hole,full-test_hole-000108,13.545528411865234,0.8164086907412779,6.664547706976881,8,8.16324934136314,True,0.0033632286995515697,50176.0,6.664547706976881,6.50713143462693,3.8300815032056037,2.4448378979187932,1.378417940999878,1.2677303386499759,1.2216156769868458,0.8164086907412779
test_hole,full-test_hole-000071,3.7279512882232666,1.0796821670441377,6.971298067895452,8,6.45680579033817,True,0.0033632286995515697,50176.0,6.971298067895452,6.0457292215903475,3.9120274453024164,2.564142856043593,1.695200884211361,1.340875298669734,1.1600436084415613,1.0796821670441377
test_hole,full-test_hole-000392,2.9465951919555664,0.7585778177005114,6.557389314338909,8,8.644319885620206,True,0.0033632286995515697,50176.0,6.557389314338909,5.645404008793882,4.147520643251765,2.2267977159564047,1.4245387294244094,1.2362438298853584,1.102796306710665,0.7585778177005114
test_hole,full-test_hole-000053,5.349070072174072,0.7738804753338807,8.215912797160993,8,10.616513866196641,True,0.0033632286995515697,50176.0,8.215912797160993,4.069101751012731,2.9480603187852754,2.180944310254665,1.470683922483859,1.2446881632743219,0.897954415097357,0.7738804753338807
test_hole,full-test_hole-000891,3.9187421798706055,1.0277892322092574,8.354629802274816,8,8.128738403219442,True,0.0033632286995515697,50176.0,8.354629802274816,6.045971956958778,4.604602881278848,2.5716030307891824,1.679731624693166,1.5297612276490278,1.2900150349187864,1.0277892322092574
test_hole,full-test_hole-000857,10.384379386901855,0.8514246024094331,8.001736525221526,8,9.398056507384844,True,0.0033632286995515697,50176.0,8.001736525221526,6.9261811173035115,4.4531367667737625,2.2693761627086304,1.934139918681435,1.336518046911321,1.1370898876870785,0.8514246024094331
test_hole,full-test_hole-000860,22.240747451782227,0.7344330593539002,8.647127940793089,8,11.773881677385535,True,0.0033632286995515697,50176.0,8.647127940793089,7.133317927723929,3.6284557424536916,2.885274935840874,1.6407458334179392,1.4077821936566848,1.2475701169220332,0.7344330593539002
test_hole,full-test_hole-000195,4.723069190979004,0.9532020276211447,8.053826958347589,8,8.449233976607346,True,0.0033632286995515697,50176.0,8.053826958347589,4.9531660240134725,4.003610692670513,2.3539788430745165,1.6541189977938777,1.3551757833640306,1.1063133513124734,0.9532020276211447
test_hole,full-test_hole-000206,14.550885200500488,0.4334700342596423,7.177071097240425,8,16.557248552368126,True,0.0033632286995515697,50176.0,7.177071097240425,3.2513858380075487,1.9688534979921573,1.7743463853885768,1.4619424943939772,1.0437503819192393,0.8992859796638939,0.4334700342596423
test_hole,full-test_hole-000234,4.730508804321289,0.9390959068074052,8.445297959643279,8,8.993009019019487,True,0.0033632286995515697,50176.0,8.445297959643279,5.522640242658578,3.395769850939929,2.7211197812799925,1.968169607214567,1.4341302427566318,1.083155322325117,0.9390959068074052
test_hole,full-test_hole-000088,5.047061443328857,0.6738267453165792,7.181688916421216,8,10.658064504470055,True,0.0033632286995515697,50176.0,7.181688916421216,4.3260113537050335,3.1191689709658914,1.9396799522737802,1.6277431684481263,1.2453194549792426,0.9790301381717053,0.6738267453165792
test_hole,full-test_hole-000880,9.996241569519043,0.8356167466868563,7.726374567823892,8,9.246313693996989,True,0.0033632286995515697,50176.0,7.726374567823892,5.530433866091413,3.4789574631805262,1.973787759417564,1.3313694859072507,1.1932498346426956,1.015754179627176,0.8356167466868563
test_hole,full-test_hole-000255,12.704054832458496,0.7779469900404165,7.814463826417027,8,10.044982404278015,True,0.0033632286995515697,50176.0,7.814463826417027,4.077725415059357,2.8093082111310332,1.5647594486051184,1.4585643497004437,1.2000176385282122,0.8517876098800161,0.7779469900404165
test_hole,full-test_hole-000121,17.115276336669922,0.7658689189007712,9.017354614460617,8,11.774018232001053,True,0.0033632286995515697,50176.0,9.017354614460617,5.357544654788267,3.427691855001325,2.8206473625580974,1.5314277829938197,1.4990288520221642,1.219015802632079,0.7658689189007712
test_hole,full-test_hole-000751,32.833988189697266,0.5543220128917922,7.798519869445146,8,14.06857329868925,True,0.0033632286995515697,50176.0,7.798519869445146,3.9161458848102773,2.848786940906798,1.9187501288440383,1.2765219191297796,1.0367268786224668,0.856782878025883,0.5543220128917922
test_hole,full-test_hole-000950,6.962233543395996,0.7602542749136357,6.565638550701767,8,8.636108690671444,True,0.0033632286995515697,50176.0,6.565638550701767,5.972925168990449,2.4173602720484917,1.6169915453772354,1.3492563132182578,1.2777539205529234,0.8880841778922579,0.7602542749136357
test_hole,full-test_hole-000663,6.932426929473877,0.7874581493944391,6.899019688215115,8,8.761125519521906,True,0.0033632286995515697,50176.0,6.899019688215115,5.732928123010708,3.2021070205239015,1.942201283821498,1.6839325901388964,1.3468630605702332,1.0035447220320464,0.7874581493944391
test_hole,full-test_hole-000879,16.527692794799805,0.9146549819253326,9.257312621994052,8,10.121097905690704,True,0.0033632286995515697,50176.0,9.257312621994052,8.049842576643384,4.388549045542277,2.792836941497164,1.8467193510056683,1.4284517508138643,1.2474362628980649,0.9146549819253326
test_hole,full-test_hole-000100,4.888705730438232,0.8926947203636287,7.1605469136855024,8,8.021271718475873,True,0.0033632286995515697,50176.0,7.1605469136855024,6.477662714631716,4.952750184348132,3.178287315282203,1.83375244335696,1.3837198679819407,1.1304346751610654,0.8926947203636287
test_hole,full-test_hole-000525,4.069433212280273,0.5921593599691582,5.543325310480001,8,9.361205251857738,True,0.0033632286995515697,50176.0,5.543325310480001,5.131607433641541,2.8513063224111797,1.973858449320347,1.2567918381832814,1.2347429418373588,0.8710351893447117,0.5921593599691582
test_hole,full-test_hole-000576,8.394814491271973,0.5458507674163463,8.059153779567657,8,14.764390307104868,True,0.0033632286995515697,50176.0,8.059153779567657,5.180303092737266,2.886159740375551,2.195941817416471,1.3073668101949525,1.109113290436159,1.0097560002151496,0.5458507674163463
test_hole,full-test_hole-000729,3.7066378593444824,0.9445538270721622,8.353657779378782,8,8.844025125886846,True,0.0033632286995515697,50176.0,8.353657779378782,4.546719421961382,3.25794576009091,2.0238023380171577,1.824577436047305,1.404570027459677,0.9949903434628259,0.9445538270721622
test_hole,full-test_hole-000868,2.1689319610595703,0.8846493546904411,6.32617947443795,8,7.151058711450283,True,0.0033632286995515697,50176.0,6.32617947443795,5.570484516438082,4.018101174213659,2.6445903277572413,1.6745015726824364,1.2785720188721383,1.1285817975510923,0.8846493546904411
test_hole,full-test_hole-000410,3.088073492050171,0.5890944518810096,7.347036876866346,8,12.471746853848089,True,0.0033632286995515697,50176.0,7.347036876866346,3.7294391470648782,2.836139610955843,2.023700806495397,1.7141183093321652,1.2736407835314545,0.8992791397247973,0.5890944518810096
test_hole,full-test_hole-000286,3.3540170192718506,0.9057024843985606,6.818849913058829,8,7.528796741224514,True,0.0033632286995515697,50176.0,6.818849913058829,4.859298512166939,4.204290145315142,2.5736985892851596,1.8941603787318997,1.2248687054687828,1.0947708734086006,0.9057024843985606
test_hole,full-test_hole-000827,13.348313331604004,0.6137652135311,8.485421261301731,8,13.825190926809942,True,0.0033632286995515697,50176.0,8.485421261301731,6.840746524514762,4.07557434939323,1.7808180986841151,1.5826928001108787,1.3793504151068257,0.9152665908075072,0.6137652135311
test_hole,full-test_hole-000261,6.022366523742676,0.5371800701040449,8.308256107801851,8,15.466426567524458,True,0.0033632286995515697,50176.0,8.308256107801851,5.2374546822461285,3.6534504591938295,1.9377054396836293,1.635858013340641,1.3922417569332088,0.7509817372884702,0.5371800701040449
test_hole,full-test_hole-000153,5.989282131195068,0.859087885551398,6.58970820119729,8,7.670586807271462,True,0.0033632286995515697,50176.0,6.58970820119729,6.33820935119221,3.0481615402796955,1.8373734178828387,1.5324123588814573,1.2611613373871942,1.0389593068719878,0.859087885551398
test_hole,full-test_hole-000795,4.8653244972229,0.8890684974737061,8.595992259455729,8,9.668537670473418,True,0.0033632286995515697,50176.0,8.595992259455729,5.040093550101532,3.91823761168637,2.57993939610336,1.6294315671132296,1.421763587892597,1.1654775759487046,0.8890684974737061
test_hole,full-test_hole-000835,5.1287841796875,0.8749919056541982,7.501168209044814,8,8.57284297211467,True,0.0033632286995515697,50176.0,7.501168209044814,5.39278223772869,3.481944234223043,2.3800858140575007,1.8999052603058373,1.177056657970633,1.079097384883247,0.8749919056541982
test_hole,full-test_hole-000149,9.562712669372559,0.8681167289091198,7.235935101747521,8,8.335209840778251,True,0.0033632286995515697,50176.0,7.235935101747521,4.785447862015242,3.758305534115284,2.458670083055256,1.5495305461118398,1.2960027453991427,0.8926562386289906,0.8681167289091198
test_hole,full-test_hole-000011,13.68475341796875,0.8678965068206898,7.843532509753612,8,9.037405322077316,True,0.0033632286995515697,50176.0,7.843532509753612,4.844496776090844,3.424310304346539,1.7966977659166945,1.4720560641509068,1.279554071983231,0.9395094204632631,0.8678965068206898
test_hole,full-test_hole-000810,4.998431205749512,0.7626963200111398,7.159460238828236,8,9.387039180579324,True,0.0033632286995515697,50176.0,7.159460238828236,3.9989680445029547,3.1961796109841876,2.415917434202439,1.7386101109787904,1.0368505749745835,0.8703178577419182,0.7626963200111398
test_hole,full-test_hole-000015,7.556574821472168,0.9416329026979905,8.068169521257401,8,8.568274853332204,True,0.0033632286995515697,50176.0,8.068169521257401,5.862027633307159,3.760781546806458,1.7687830203815542,1.4796110498717174,1.3380328308601686,1.0261646919092975,0.9416329026979905
test_hole,full-test_hole-000922,4.570082664489746,0.5839950603521833,5.914494954816759,8,10.127645516813056,True,0.0033632286995515697,50176.0,5.914494954816759,4.036087713375794,2.525460841561812,1.4995608097118316,1.3056397827032764,1.0881855202203976,0.7074727740288776,0.5839950603521833
test_hole,full-test_hole-000504,3.205383062362671,0.6730573964773412,6.322445693493734,8,9.393620405309047,True,0.0033632286995515697,50176.0,6.322445693493734,4.9443022677145505,3.6125591969774926,2.123277766911247,1.471578327516668,1.184914738229127,0.9300383424487633,0.6730573964773412
test_hole,full-test_hole-000692,4.0792927742004395,1.0412178006340012,7.9799256443361655,8,7.664031136883331,True,0.0033632286995515697,50176.0,7.9799256443361655,6.274177502119915,4.328478331524595,3.0090528079417025,1.9858729574580132,1.4082228962999583,1.2727184616931058,1.0412178006340012
test_hole,full-test_hole-000542,3.770620584487915,0.9763717245324277,9.154979787166349,8,9.376531045643047,True,0.0033632286995515697,50176.0,9.154979787166349,8.19316951460681,4.019689609655393,2.2228072207587366,1.5635154981943922,1.3604081190222397,1.1411469977909072,0.9763717245324277
test_hole,full-test_hole-000809,3.5577192306518555,0.9761518687819135,8.45977529367949,8,8.66645402649895,True,0.0033632286995515697,50176.0,8.45977529367949,6.2742490152502315,4.963663223498409,3.6979813787590596,2.0834040966486524,1.359792930210537,1.2237461802692802,0.9761518687819135
test_hole,full-test_hole-000873,5.268759727478027,0.8795425863447907,7.214038072034321,8,8.202033857183052,True,0.0033632286995515697,50176.0,7.214038072034321,5.616552046958986,3.836535493050367,2.161338200339183,1.529860943022358,1.2475399366569175,1.0552526367209099,0.8795425863447907
test_hole,full-test_hole-000887,2.8128199577331543,0.737519057667162,8.185993503086586,8,11.099365389932576,True,0.0033632286995515697,50176.0,8.185993503086586,3.919613905159909,2.8345287152162415,2.3640170208960387,1.7880797223941491,1.3340298530564965,1.0656967931094814,0.737519057667162
test_hole,full-test_hole-000794,2.7510921955108643,1.0108722407260804,8.280899318437376,8,8.191835708624707,True,0.0033632286995515697,50176.0,8.280899318437376,6.702879376075335,4.883092488428701,3.8511137585126534,2.1760331243190363,1.3824272410619671,1.1008946105123674,1.0108722407260804
test_hole,full-test_hole-000723,9.756702423095703,1.202682958253233,9.137051407257346,8,7.597223644482271,True,0.0033632286995515697,50176.0,9.137051407257346,7.4926753889177435,6.466693270047244,3.871807349368447,2.0796395548647832,1.572133706782428,1.226085511859489,1.202682958253233
test_hole,full-test_hole-000116,3.282282590866089,0.9249791564640464,6.998334381194415,8,7.565937386034967,True,0.0033632286995515697,50176.0,6.998334381194415,4.6428108033431394,3.681206394547791,3.167719095063907,2.0005527896900954,1.2066355174551266,0.9498045239130393,0.9249791564640464
test_hole,full-test_hole-000495,6.8153300285339355,0.9812100522410147,7.422215221112678,8,7.564348942574386,True,0.0033632286995515697,50176.0,7.422215221112678,6.446629698579806,3.304826597347294,2.5569177701014985,1.7308858321671161,1.3926225482374224,1.3312650285417873,0.9812100522410147
test_hole,full-test_hole-000151,4.2821221351623535,0.8956564508748246,5.657429906074314,8,6.316517790441266,True,0.0033632286995515697,50176.0,5.657429906074314,4.774487717162862,4.096585219893992,2.0787936768420767,1.649934915530311,1.0772706331090207,1.0156359292332624,0.8956564508748246
test_hole,full-test_hole-000609,4.830690860748291,0.8612888115793138,9.186379129544987,8,10.665852157884483,True,0.0033632286995515697,50176.0,9.186379129544987,8.099528093549917,4.139976646579276,2.034527622619868,1.7280437844289949,1.5006433219831254,1.176358746979924,0.8612888115793138
test_extra,full-test_extra-000322,10.477962493896484,1.042531213055662,9.126701945881319,8,8.754368053049394,True,0.0033632286995515697,50176.0,9.126701945881319,7.353392409080325,4.322732311365831,2.3009784383035012,1.9375894962071618,1.4955509228477248,1.1702596331970776,1.042531213055662
test_extra,full-test_extra-000814,19.138843536376953,1.047766349203321,11.224132834943473,8,10.712438745029223,True,0.0033632286995515697,50176.0,11.224132834943473,8.572285217366382,4.417396859139832,2.2530190373967223,1.6747387664110929,1.658212204344257,1.2645001667515496,1.047766349203321
test_extra,full-test_extra-000966,7.455920696258545,0.7610176244884768,9.685598716771798,8,12.727167420441859,True,0.0033632286995515697,50176.0,9.685598716771798,8.14604747363472,3.773304803420775,2.7284187124794212,1.738556340378551,1.5079514621955357,1.2980205441470554,0.7610176244884768
test_extra,full-test_extra-000537,30.6319522857666,1.1101764058983552,11.194753802353468,8,10.083761231886989,True,0.0033632286995515697,50176.0,11.194753802353468,9.58088460062042,4.275194463142406,2.026378764196149,1.717672258897774,1.647934024963542,1.1673121199830057,1.1101764058983552
test_extra,full-test_extra-000869,18.388334274291992,1.2151485913386189,9.46765598056326,8,7.7913565863855405,True,0.0033632286995515697,50176.0,9.46765598056326,7.236253693077586,5.836950364377142,4.867580297489344,2.8324527481232162,1.5923689798787908,1.5069472245630027,1.2151485913386189
test_extra,full-test_extra-000818,6.882248401641846,1.0534891415353278,8.82009086716246,8,8.372265569162192,True,0.0033632286995515697,50176.0,8.82009086716246,7.444093951724636,3.9898487826385995,3.8536573605151485,1.9450063458404467,1.3726742459479704,1.219541466766719,1.0534891415353278
test_extra,full-test_extra-000230,22.037166595458984,1.164883388082938,9.129284724891491,8,7.837080362108743,True,0.0033632286995515697,50176.0,9.129284724891491,8.810850563234226,4.111804619669566,3.5793404973603664,2.5386586657406327,1.491710381310653,1.351279260815399,1.164883388082938
test_extra,full-test_extra-000523,9.49048900604248,0.7528243808741992,7.553809752695514,8,10.03396003716542,True,0.0033632286995515697,50176.0,7.553809752695514,6.578162169119217,4.527268384627816,2.156521064507989,1.4697674584571776,1.1637376703032074,1.0098089475800032,0.7528243808741992
test_extra,full-test_extra-000001,2.1650986671447754,0.9691167644469373,8.103413234356177,8,8.3616479784876,True,0.0033632286995515697,50176.0,8.103413234356177,5.992510502421335,4.375619310887261,2.6590598849264144,2.151553113509371,1.5475118576953526,1.0760696514096717,0.9691167644469373
test_extra,full-test_extra-000500,7.485741138458252,1.3036241209832242,9.418614875615473,8,7.224946764955324,True,0.0033632286995515697,50176.0,9.418614875615473,8.3780792223371,5.1820472614731985,4.2063021877516515,2.573489241081974,1.5468660408783192,1.3631068776292405,1.3036241209832242
test_extra,full-test_extra-000313,13.33597183227539,1.238509994588905,9.625760974268122,8,7.772049491989099,True,0.0033632286995515697,50176.0,9.625760974268122,8.334572467243497,6.897736627299206,5.174327416984899,2.739878199100846,1.6260831151200945,1.5421194513439145,1.238509994588905
test_extra,full-test_extra-000202,6.649905204772949,1.0119733050745643,9.065694826577083,8,8.958432777936869,True,0.0033632286995515697,50176.0,9.065694826577083,8.131989069828448,4.587631872010236,2.7587363277209005,1.9396423669244482,1.452612313901315,1.3245303840381282,1.0119733050745643
test_extra,full-test_extra-000484,3.880995988845825,0.9812726237712502,7.900700378339475,8,8.051483539788684,True,0.0033632286995515697,50176.0,7.900700378339475,6.737982452841593,5.809424552630968,4.188900057029566,2.6666684095771753,1.5608402242833803,1.1749062304815114,0.9812726237712502
test_extra,full-test_extra-000752,14.53283977508545,0.8963453373237363,9.703280172354084,8,10.825381433149035,True,0.0033632286995515697,50176.0,9.703280172354084,8.633675057963613,4.803339169861735,3.956850812083095,2.106005431830932,1.5920979738452365,1.3116917082534114,0.8963453373237363
test_extra,full-test_extra-000836,7.421296119689941,0.9097637756058297,9.040076533245678,8,9.9367294847783,True,0.0033632286995515697,50176.0,9.040076533245678,5.892210368012322,4.382502373812393,4.018190028020928,2.651369519118336,1.7031399868348454,0.9869714444282454,0.9097637756058297
test_extra,full-test_extra-000050,5.1272759437561035,1.066848039364936,8.50970594377056,8,7.976493024101299,True,0.0033632286995515697,50176.0,8.50970594377056,6.738848222470632,4.465341104178162,3.5559447158117603,2.244473991565281,1.52561077948728,1.2729819372839015,1.066848039364936
test_extra,full-test_extra-000269,6.379108428955078,1.1163878991022642,8.030358378248609,8,7.193161431350311,True,0.0033632286995515697,50176.0,8.030358378248609,6.998429817134446,6.311771855002629,4.004948147737936,2.156996671746393,1.471550594064466,1.1931349920198022,1.1163878991022642
test_extra,full-test_extra-000053,21.73271369934082,1.0300366556463034,9.81903026876561,8,9.53269984610848,True,0.0033632286995515697,50176.0,9.81903026876561,4.694565075730574,4.047993805952948,2.762685412408383,2.2978912479523186,1.618473803895143,1.4301172900430184,1.0300366556463034
test_extra,full-test_extra-000647,5.836320400238037,0.929524143779305,9.681947924663929,8,10.416026296313927,True,0.0033632286995515697,50176.0,9.681947924663929,7.466410873044122,3.8422454933141363,2.94380774598073,1.736040344189018,1.4488352493993404,1.370119689071613,0.929524143779305
test_extra,full-test_extra-000530,7.205909729003906,1.030947252566054,11.565574021614168,8,11.218395502609043,True,0.0033632286995515697,50176.0,11.565574021614168,10.221227375602112,4.98912373165366,3.608046896659471,2.4513473779571413,1.8120017405609807,1.5606846419941434,1.030947252566054
test_extra,full-test_extra-000770,10.174904823303223,0.8883131078734953,11.253560960341911,8,12.668462122867302,True,0.0033632286995515697,50176.0,11.253560960341911,7.068608705425373,4.247401341586227,2.41539163074453,1.8669391996890725,1.5199914680842141,1.1309577153230377,0.8883131078734953
test_extra,full-test_extra-000091,20.285367965698242,0.8927624559026718,12.275662755161107,8,13.750200486140727,True,0.0033632286995515697,50176.0,12.275662755161107,7.039834398471894,4.406657841842844,1.8141731111243633,1.7048811499164955,1.4754443041487657,1.2291242077527338,0.8927624559026718
test_extra,full-test_extra-000723,4.640353202819824,1.0978012527016126,9.886439481521398,8,9.005673346784363,True,0.0033632286995515697,50176.0,9.886439481521398,7.7568175779564195,4.462643355116451,2.8876125391122076,1.9341743940563685,1.6714388476661266,1.3523355106283,1.0978012527016126
test_extra,full-test_extra-000837,7.287542819976807,0.8907991438953315,10.276159228255972,8,11.535888082828485,True,0.0033632286995515697,50176.0,10.276159228255972,7.792980120880937,3.64639454973552,2.880188363534267,1.8581786395111688,1.5720789619985098,1.242679546621443,0.8907991438953315
test_extra,full-test_extra-000144,3.6171135902404785,0.8064553422676232,8.443709759421672,8,10.470151683389329,True,0.0033632286995515697,50176.0,8.443709759421672,6.772057728048502,4.206235934257123,3.3243230771387697,2.2486084342685038,1.6828538934024597,1.1018339618129234,0.8064553422676232
test_extra,full-test_extra-000901,9.308341026306152,0.9491560265386436,10.848004645252935,8,11.429105797087065,True,0.0033632286995515697,50176.0,10.848004645252935,9.034551666782503,3.6385477686580185,2.133604387648101,1.6721861636983644,1.5138964034159588,1.0981525180903298,0.9491560265386436
test_extra,full-test_extra-000391,49.71534729003906,0.8417564574908164,10.694294765603686,8,12.704737421893032,True,0.0033632286995515697,50176.0,10.694294765603686,7.816652017111482,3.821018072630284,3.2139757661413073,1.710686528695195,1.5071831328165155,1.3135270894692375,0.8417564574908164
test_extra,full-test_extra-000323,24.11177635192871,0.9106994081324618,9.646787584015804,8,10.592724117168498,True,0.0033632286995515697,50176.0,9.646787584015804,6.180741264774154,3.8803583779150492,3.5332862798701488,2.662272004264927,1.599579533328196,1.2982626789375278,0.9106994081324618
test_extra,full-test_extra-000813,7.629405975341797,1.1260827909178521,10.738244569465724,8,9.535928136077057,True,0.0033632286995515697,50176.0,10.738244569465724,6.904276691595102,4.063719123151172,3.6105480935377674,1.7264371357618382,1.7197676514130873,1.4188262453170735,1.1260827909178521
test_extra,full-test_extra-000412,5.339150428771973,0.9958774790441989,9.59856720740998,8,9.638301306524452,True,0.0033632286995515697,50176.0,9.59856720740998,9.055857668799561,4.2251593137778425,2.4083085263277515,1.5215292104695761,1.3640565869354087,1.0218732993930302,0.9958774790441989
test_extra,full-test_extra-000985,25.87325096130371,0.9152231174676296,10.607349383330943,8,11.58990543495107,True,0.0033632286995515697,50176.0,10.607349383330943,9.262499999577377,4.122899620688618,2.0722587105265173,1.678804875973012,1.510241836510369,1.0422124868319873,0.9152231174676296
test_extra,full-test_extra-000764,15.460042953491211,0.9447741592625993,8.754094883237771,8,9.265806857027487,True,0.0033632286995515697,50176.0,8.754094883237771,6.539852080838332,2.9515553631686564,2.2854768620381547,1.6484997923356945,1.409321893942142,1.200911942923674,0.9447741592625993
test_extra,full-test_extra-000418,11.782488822937012,1.0713405749038638,10.612952798852522,8,9.906236212331331,True,0.0033632286995515697,50176.0,10.612952798852522,9.274970183187122,4.184222116761091,2.804022978708342,1.9146107564250545,1.534589756825257,1.3525838057689092,1.0713405749038638
test_extra,full-test_extra-000798,4.550494194030762,1.1613572708099056,8.326031774710428,8,7.169225167810791,True,0.0033632286995515697,50176.0,8.326031774710428,6.850620438547851,5.413059117974097,2.5979965967034393,2.514457598931655,1.5090620279216782,1.3318259980757965,1.1613572708099056
test_extra,full-test_extra-000771,5.896535873413086,1.0023005319722067,8.305453348891117,8,8.286390243202447,True,0.0033632286995515697,50176.0,8.305453348891117,7.493062812288364,4.673171583501308,3.8492011249924407,2.5884030569801855,1.5573428347003784,1.3410750332413912,1.0023005319722067
test_extra,full-test_extra-000448,4.377832889556885,1.2362205316176331,9.837346165432637,8,7.957598109586614,True,0.0033632286995515697,50176.0,9.837346165432637,9.245837398310966,5.126500142355267,3.4286342259138127,2.680849790501775,1.6149976256691434,1.586490601407286,1.2362205316176331
test_extra,full-test_extra-000732,24.741283416748047,0.9722937495806302,9.815952129099765,8,10.095665156063774,True,0.0033632286995515697,50176.0,9.815952129099765,8.625187917945581,4.038051984878712,1.794808421801693,1.7825938398103411,1.4298725794480025,1.1322950285816664,0.9722937495806302
test_extra,full-test_extra-000267,15.757940292358398,1.0697130454069788,10.492129428552333,8,9.808358861848356,True,0.0033632286995515697,50176.0,10.492129428552333,8.318099858444658,4.203313685040732,3.793378175585122,2.0458308096621827,1.6397400519943903,1.4261471770686602,1.0697130454069788
test_extra,full-test_extra-000175,8.110267639160156,0.2057582514909838,7.872757898197644,8,38.262173405680514,True,0.0033632286995515697,50176.0,7.872757898197644,5.374789681102928,2.2693482117942954,1.3078175211413965,1.219282476635134,1.0206434303059588,0.3863166077953526,0.2057582514909838
test_extra,full-test_extra-000514,12.585567474365234,0.7335781485353878,9.512093054159275,8,12.966707191524819,True,0.0033632286995515697,50176.0,9.512093054159275,6.398476349873043,3.509331616803594,2.916248009768591,1.5619701836887838,1.3194430982651344,1.2351310729205829,0.7335781485353878
test_extra,full-test_extra-000118,18.197738647460938,1.044064404651029,8.921729929116978,8,8.545191167683761,True,0.0033632286995515697,50176.0,8.921729929116978,8.08662031278366,4.872281679979939,3.7784834282975557,2.512999946600578,1.6452840119787568,1.1994294925183944,1.044064404651029
test_extra,full-test_extra-000382,9.004587173461914,0.9296974191171391,9.2805930786117,8,9.982380167759047,True,0.0033632286995515697,50176.0,9.2805930786117,5.440211240372414,4.110940011676203,3.2162109328564736,1.9638340588807959,1.6346492577550076,0.9757350619721249,0.9296974191171391
test_extra,full-test_extra-000465,20.28908348083496,0.8011559573609772,8.913076728684164,8,11.125270487963425,True,0.0033632286995515697,50176.0,8.913076728684164,6.944766586372958,4.416522840782965,1.8980598541739813,1.7587342855083195,1.3608881692926404,0.939401323163383,0.8011559573609772
test_extra,full-test_extra-000950,31.66514778137207,0.9341387499644708,9.24385797250072,8,9.895594174690112,True,0.0033632286995515697,50176.0,9.24385797250072,6.866074019408067,3.8179704623539363,2.576622564110046,1.5358869565014648,1.4137440691874832,1.2798089889068847,0.9341387499644708
test_extra,full-test_extra-000275,6.639925003051758,0.6901108004049743,10.643309307045325,8,15.422609385043046,True,0.0033632286995515697,50176.0,10.643309307045325,6.517370743722701,3.7879173597734765,1.9798357336464714,1.5483710710020684,1.5016907987875754,0.9652916664138748,0.6901108004049743
test_extra,full-test_extra-000464,7.658046245574951,1.0655876364810175,8.5332970010534,8,8.008066825206088,True,0.0033632286995515697,50176.0,8.5332970010534,6.001023091393729,4.734295071968619,3.6597899160920355,2.4766686015627144,1.476022821181157,1.2722640994614127,1.0655876364810175
test_extra,full-test_extra-000462,16.149057388305664,0.9122545157432437,9.501463545127878,8,10.415364770638295,True,0.0033632286995515697,50176.0,9.501463545127878,8.657514737173184,3.542889951994087,1.9968389458379818,1.6953348524020126,1.492570018487658,1.1411261503303132,0.9122545157432437
test_extra,full-test_extra-000396,2.9074013233184814,0.9181134611260388,9.0525204030958,8,9.859914690710616,True,0.0033632286995515697,50176.0,9.0525204030958,6.443254723286806,4.0308595183114235,2.709409114060487,2.1232468568273872,1.5613486742943004,1.220012138526395,0.9181134611260388
test_extra,full-test_extra-000520,11.20697021484375,0.7089665234152913,8.255918071746235,8,11.64500409973542,True,0.0033632286995515697,50176.0,8.255918071746235,6.629697641885427,4.000391307232024,2.718164067752318,1.510280215801789,1.3664744683884114,1.1936785904279736,0.7089665234152913
test_extra,full-test_extra-000392,12.188502311706543,1.0130558009095867,10.704159581404785,8,10.566209256976665,True,0.0033632286995515697,50176.0,10.704159581404785,5.907146578689727,4.178429745520522,2.7240829942662987,2.500147227442689,1.5479202790492148,1.411201862355993,1.0130558009095867
test_extra,full-test_extra-000178,17.381431579589844,0.87976459194052,9.158184545877855,8,10.409812613255331,True,0.0033632286995515697,50176.0,9.158184545877855,7.199742748007212,3.7415466760491656,3.1032175915339466,1.56159793244994,1.4902255799551671,1.359740662459552,0.87976459194052
test_extra,full-test_extra-000028,10.07994270324707,1.1314724488081909,10.04008913732755,8,8.873472038937436,True,0.0033632286995515697,50176.0,10.04008913732755,8.002811625876655,4.125944358005942,3.1145264719111574,1.9152947628188626,1.5147484497964545,1.2864462226831943,1.1314724488081909
test_extra,full-test_extra-000633,10.41605281829834,0.8976338668481659,9.426799829358638,8,10.501831735091134,True,0.0033632286995515697,50176.0,9.426799829358638,5.623273609541964,4.160933810590129,3.6630631793852553,2.2769814999767557,1.4478849519930561,1.2633876207296242,0.8976338668481659
test_extra,full-test_extra-000627,8.109721183776855,0.43593986463202755,8.062196056042913,8,18.49382612174762,True,0.0033632286995515697,50176.0,8.062196056042913,7.76827583533117,3.253342541566399,1.6006401442517164,1.5844919581757364,1.3555315223691196,0.8434161214982198,0.43593986463202755
test_extra,full-test_extra-000721,6.431269645690918,1.2650011132696781,9.658614833608038,8,7.635261923717355,True,0.0033632286995515697,50176.0,9.658614833608038,8.558338933873618,4.985489601961817,2.7398371295872437,2.5425709980813327,1.538885532737794,1.4980372711924308,1.2650011132696781
test_extra,full-test_extra-000381,4.332153797149658,0.8619020571582505,8.289788534074956,8,9.618016879327277,True,0.0033632286995515697,50176.0,8.289788534074956,6.916856425269559,4.328100731626804,3.3684492626872657,2.527231934022014,1.478939828942191,1.317342084621978,0.8619020571582505
test_extra,full-test_extra-000214,6.1324968338012695,1.2159012956389461,8.650531144611824,8,7.114501132319331,True,0.0033632286995515697,50176.0,8.650531144611824,7.446827264210648,5.929689023413514,3.624410950061116,2.7973267531985657,1.724416399937871,1.3153185085430419,1.2159012956389461
test_extra,full-test_extra-000251,30.675748825073242,0.9549114117168191,9.218861906860583,8,9.654154085650884,True,0.0033632286995515697,50176.0,9.218861906860583,7.625810541495395,3.5830058806799605,3.2990810983609733,1.6267018629707557,1.4345692220321526,1.3228379170337918,0.9549114117168191
test_extra,full-test_extra-000312,4.656301975250244,0.8991201911755636,8.958040493424491,8,9.963117924993112,True,0.0033632286995515697,50176.0,8.958040493424491,5.120482015406038,3.8160803807037635,2.7704732338464617,2.210243444026767,1.4156287694590752,1.346549019616833,0.8991201911755636
test_extra,full-test_extra-000581,10.320960998535156,0.937284092995721,9.347195213088655,8,9.972638267244474,True,0.0033632286995515697,50176.0,9.347195213088655,5.096117164553668,3.315446097048347,1.9448432310243569,1.7345566993068773,1.45058499268045,1.0875107700144118,0.937284092995721
test_extra,full-test_extra-000366,33.347110748291016,1.12444286174017,10.072118757256867,8,8.957430475097164,True,0.0033632286995515697,50176.0,10.072118757256867,8.255398904319213,4.469272776974859,3.4887849795488277,1.7869848587602928,1.678555852117515,1.3703639441450353,1.12444286174017
test_extra,full-test_extra-000855,14.18528938293457,1.0726391823766421,9.597852303112465,8,8.947885235598557,True,0.0033632286995515697,50176.0,9.597852303112465,7.140100191053804,4.456295250303368,2.9130946884988735,1.8735182403713306,1.6728986558901837,1.4060617084826261,1.0726391823766421
test_extra,full-test_extra-000308,10.099851608276367,1.128303588268605,9.250122829031431,8,8.198257034018523,True,0.0033632286995515697,50176.0,9.250122829031431,7.465610725267366,4.582566794711042,4.097785385634501,2.509589365268734,1.590984836836509,1.3173629463286465,1.128303588268605
test_extra,full-test_extra-000443,36.9990119934082,0.6625925089520196,8.70884421650895,8,13.143589912121366,True,0.0033632286995515697,50176.0,8.70884421650895,5.817032666557181,4.933612133746653,2.877403111147969,1.6246037627154426,1.3982314572370707,1.1130810390106045,0.6625925089520196
test_extra,full-test_extra-000876,7.304750919342041,1.2829428734745305,8.75283059714012,8,6.822463242993247,True,0.0033632286995515697,50176.0,8.75283059714012,7.304633084304666,5.870705579997731,2.878446298926908,2.5356963615771755,1.6722233035399117,1.401921903760925,1.2829428734745305
test_extra,full-test_extra-000317,7.103526592254639,0.8269242734106632,9.120710129233254,8,11.029680011223677,True,0.0033632286995515697,50176.0,9.120710129233254,6.789071937602932,3.226982113583335,2.437811217754924,1.6614520824271746,1.4363662463339748,1.2183145520306884,0.8269242734106632
test_extra,full-test_extra-000457,14.262266159057617,0.3892129791117605,10.733194962440535,8,27.576662491922075,True,0.0033632286995515697,50176.0,10.733194962440535,5.786160452524287,3.7111927314589774,1.6815182094772299,1.399239476396793,1.2675840590749812,0.6187281186689381,0.3892129791117605
test_extra,full-test_extra-000726,17.24026107788086,0.8011191012469061,9.361301530311435,8,11.685280647710169,True,0.0033632286995515697,50176.0,9.361301530311435,7.241860366699862,3.859913045630799,2.6168448122465744,1.6212685505283868,1.3400523964015996,1.2327676955171953,0.8011191012469061
test_extra,full-test_extra-000511,13.195103645324707,1.3024900143964975,9.498543489120241,8,7.292603693028193,True,0.0033632286995515697,50176.0,9.498543489120241,8.62386672185501,5.983285030945211,3.2786065487181113,2.5429849335003323,1.6987518463155498,1.446093392812713,1.3024900143964975
test_extra,full-test_extra-000469,4.453279972076416,1.251812102255951,9.624472338487381,8,7.688432090680906,True,0.0033632286995515697,50176.0,9.624472338487381,8.36293272264412,5.288446225794439,4.032618461941455,2.5530680390546516,1.477044176253338,1.42397019360721,1.251812102255951
test_extra,full-test_extra-000083,7.020237445831299,0.9021686381600599,8.391851393686856,8,9.301865570057647,True,0.0033632286995515697,50176.0,8.391851393686856,6.645995968441089,4.5491860805528255,2.1913828845313597,1.9142669679299062,1.347661340581052,1.1428660196087135,0.9021686381600599
test_extra,full-test_extra-000112,16.736053466796875,1.0367685838046488,8.625012292665863,8,8.319129675992396,True,0.0033632286995515697,50176.0,8.625012292665863,6.363158525672351,6.221223537120382,4.570778601363907,2.7802990330576214,1.631836088151181,1.1424355236228492,1.0367685838046488
test_extra,full-test_extra-000494,21.68161392211914,1.170019366423563,10.714598961974874,8,9.157625308995135,True,0.0033632286995515697,50176.0,10.714598961974874,7.939054444101653,4.593009316131194,2.694360858547616,2.177148656568967,1.6332057108187763,1.2877328404170039,1.170019366423563
test_extra,full-test_extra-000710,6.514425277709961,0.9723433594771316,9.513459307639115,8,9.78405335411031,True,0.0033632286995515697,50176.0,9.513459307639115,8.823801951386901,4.643202171464063,3.6471282876863977,1.9133333953224778,1.601067704858587,1.4487314222669427,0.9723433594771316
test_extra,full-test_extra-000268,10.547500610351562,1.1368526279149953,11.503423628695579,8,10.118658607310456,True,0.0033632286995515697,50176.0,11.503423628695579,7.901524756301933,5.388416018173029,4.161558386945748,2.119505626333401,1.5851422903103691,1.3882734835930604,1.1368526279149953
test_extra,full-test_extra-000952,7.727980613708496,1.1048644638735323,7.214935162410013,8,6.530154058096185,True,0.0033632286995515697,50176.0,7.214935162410013,6.770441496292257,5.159802943925715,3.348480647131211,2.4010325209560843,1.4286814451700087,1.2387156013109908,1.1048644638735323
test_extra,full-test_extra-000109,9.19509220123291,1.0523282140537504,9.950633797913998,8,9.45582724574345,True,0.0033632286995515697,50176.0,9.950633797913998,7.7490049781466706,5.311975982049234,4.304391161416069,2.8593221703365233,1.6671722403702927,1.5442782308590477,1.0523282140537504
test_extra,full-test_extra-000850,12.320840835571289,1.2674266151208593,12.519008742269492,8,9.877501855265761,True,0.0033632286995515697,50176.0,12.519008742269492,7.2945260224292205,4.857260129240894,3.3828031760486335,2.6242206404384114,1.847663167304727,1.459237948173936,1.2674266151208593
test_extra,full-test_extra-000135,16.1191463470459,0.6710946999407277,8.180682119562768,8,12.190056217528317,True,0.0033632286995515697,50176.0,8.180682119562768,7.070987517691706,3.679164897278922,1.9173046121664776,1.5146988788738185,1.384212385349169,1.2079591371255305,0.6710946999407277
test_extra,full-test_extra-000812,16.727354049682617,1.081176104639108,10.678358721239226,8,9.876613694494864,True,0.0033632286995515697,50176.0,10.678358721239226,9.993408518420265,3.8393450706692613,2.268586904416655,1.567205759142256,1.5044800476352818,1.1960331071653916,1.081176104639108
test_extra,full-test_extra-000237,4.598658561706543,0.929578902534194,10.66535549488877,8,11.473319226386435,True,0.0033632286995515697,50176.0,10.66535549488877,5.577833862819624,3.8088144951757235,2.436315548485322,1.8512533804013294,1.5624604796936112,1.2504777227917867,0.929578902534194
test_extra,full-test_extra-000431,20.67923927307129,0.7759893428388579,10.22601842510215,8,13.178039775252026,True,0.0033632286995515697,50176.0,10.22601842510215,8.794979452592084,3.034661318977954,2.166740622696507,1.62118828688198,1.378091649823025,1.0572714416941267,0.7759893428388579
test_extra,full-test_extra-000503,3.568634510040283,1.2144498930144147,10.038832599716354,8,8.266156271625773,True,0.0033632286995515697,50176.0,10.038832599716354,8.319348070215131,3.597518281328024,2.8705863328551584,1.964538143838242,1.5423912458405695,1.380600364610685,1.2144498930144147
test_extra,full-test_extra-000788,7.994627952575684,1.031892961365416,9.19278004280031,8,8.90865660197574,True,0.0033632286995515697,50176.0,9.19278004280031,5.903500572820619,4.693209844207314,2.6852069434928882,1.7977718730171086,1.584016541663782,1.230330867972648,1.031892961365416
test_extra,full-test_extra-000607,5.932338714599609,1.0018302959117682,8.415284865161581,8,8.39991054323508,True,0.0033632286995515697,50176.0,8.415284865161581,6.9954915909075,4.874154650420596,3.3478698447441917,2.1934303675341296,1.6152119625507317,1.2363751838252308,1.0018302959117682
test_extra,full-test_extra-000935,6.616486549377441,1.2036342544050846,8.729980367512425,8,7.253017547118046,True,0.0033632286995515697,50176.0,8.729980367512425,8.11768232662721,5.239443114447465,2.966067744989189,2.371583676504269,1.384000218421446,1.2489565473392827,1.2036342544050846
test_extra,full-test_extra-000803,6.366812229156494,0.8790227197311898,7.067940290459676,8,8.040679873008393,True,0.0033632286995515697,50176.0,7.067940290459676,5.97496168086865,4.708164933782523,2.7259019893886336,1.969800147188316,1.361690496006371,1.0249692872595666,0.8790227197311898
test_extra,full-test_extra-000023,9.951665878295898,1.0563284755310638,11.275488832284335,8,10.674225956670949,True,0.0033632286995515697,50176.0,11.275488832284335,6.759241960170472,4.612791332341765,3.8265990872150684,2.424434101560376,1.587590461725728,1.3043315175628163,1.0563284755310638
test_extra,full-test_extra-000522,6.538882255554199,1.0107360350301444,9.123263942222023,8,9.026356660915853,True,0.0033632286995515697,50176.0,9.123263942222023,6.742646663060035,5.1146215714339505,3.6186217672997736,2.45339482417675,1.4307716567700257,1.2671160126808088,1.0107360350301444
test_extra,full-test_extra-000917,12.603737831115723,0.9741099763634373,8.452722942155203,8,8.677380529158567,True,0.0033632286995515697,50176.0,8.452722942155203,8.044640820099705,4.713766989474297,2.440773250462677,1.6581499957919437,1.3482580243457363,1.1308342896063248,0.9741099763634373
test_extra,full-test_extra-000661,15.719642639160156,0.5240743459733264,9.879087921252237,8,18.850546677503367,True,0.0033632286995515697,50176.0,9.879087921252237,3.890509913377371,2.5838625178719474,1.5051409081887768,1.0660308168035706,1.0068406189995234,0.6409898962969571,0.5240743459733264
test_extra,full-test_extra-000923,17.607439041137695,0.9625141214373961,9.31825278986562,8,9.681159561534493,True,0.0033632286995515697,50176.0,9.31825278986562,7.166815541729957,3.7019687907118786,2.812488711410797,1.4881779209213974,1.408632614767597,1.3510018521572864,0.9625141214373961
test_extra,full-test_extra-000894,17.36648178100586,0.9369473761839444,9.735311950696488,8,10.390457562672358,True,0.0033632286995515697,50176.0,9.735311950696488,8.400517591631548,4.252349170688265,2.111781006836937,1.956283325282199,1.5300059533799282,1.2925793276252064,0.9369473761839444
test_extra,full-test_extra-000980,6.305058002471924,0.9023015167983293,8.47532598344713,8,9.393008684636207,True,0.0033632286995515697,50176.0,8.47532598344713,7.246498827549526,4.749862917304268,2.752569818442571,1.847497034336938,1.6429641121090885,1.0202718825181156,0.9023015167983293
test_extra,full-test_extra-000351,20.173641204833984,0.6155192154125344,9.15450731838413,8,14.872821333853208,True,0.0033632286995515697,50176.0,9.15450731838413,6.513031195304775,3.9521587618871434,2.592549818856922,1.8305050462828139,1.547634247227823,1.0542201150536916,0.6155192154125344
test_extra,full-test_extra-000428,8.235077857971191,0.6326680937166245,11.239737094038858,8,17.765613922476703,True,0.0033632286995515697,50176.0,11.239737094038858,9.088937411737046,4.278948229006048,2.3018785550544005,1.7872769481315638,1.4773505937740077,0.9734919681378672,0.6326680937166245
test_extra,full-test_extra-000488,3.588484048843384,1.2398604874326888,8.892081906481424,8,7.171840700314413,True,0.0033632286995515697,50176.0,8.892081906481424,7.417732796898664,6.891021488846399,4.8426337034498035,2.670876781220449,1.599813601786071,1.2787569564126373,1.2398604874326888
test_extra,full-test_extra-000984,5.909542083740234,0.9032876083792504,7.579445478368625,8,8.390954783458463,True,0.0033632286995515697,50176.0,7.579445478368625,5.865944516084583,3.9283115569964213,2.0505683844308704,1.4380021824026217,1.1965421705944297,0.9749565375650705,0.9032876083792504
test_extra,full-test_extra-000972,12.910130500793457,0.8309347185179302,10.727073555098617,8,12.90964658960407,True,0.0033632286995515697,50176.0,10.727073555098617,7.326424490797906,3.6098979815465166,1.7620346908499511,1.571125624282158,1.4197693277910666,0.8947373337117152,0.8309347185179302
test_extra,full-test_extra-000763,8.008804321289062,1.2534278795732545,10.312784175762967,8,8.227664585914656,True,0.0033632286995515697,50176.0,10.312784175762967,9.490730391086908,4.6216039859371465,2.453876265007027,2.050835870738142,1.476214123081467,1.359352637111621,1.2534278795732545
test_extra,full-test_extra-000563,38.84792709350586,1.0608117492075066,11.79983289234527,8,11.123399510950449,True,0.0033632286995515697,50176.0,11.79983289234527,6.021986508941143,3.6179760805795764,1.955908005826125,1.6914743447388252,1.5699083073453943,1.3091790597195079,1.0608117492075066
test_extra,full-test_extra-000666,8.737581253051758,1.4315990170185031,10.03749887053425,8,7.011389887259553,True,0.0033632286995515697,50176.0,10.03749887053425,9.50077404175248,5.779946206170653,3.1181712508789587,2.2937092890307076,1.631874213161729,1.6185365148578754,1.4315990170185031
test_extra,full-test_extra-000975,9.91222858428955,0.8657239736709165,9.36076162972289,8,10.81263995731872,True,0.0033632286995515697,50176.0,9.36076162972289,6.755446616094663,3.8470972800633243,3.1934749032007264,2.712732768831561,1.4617192801365873,1.1386839962788105,0.8657239736709165
test_extra,full-test_extra-000799,2.4973483085632324,0.8668322519872957,8.987899834628513,8,10.368672616902398,True,0.0033632286995515697,50176.0,8.987899834628513,5.5400013245965445,3.837629755889844,2.7512642058672436,1.7543598394383442,1.3625147137222693,1.038381121383945,0.8668322519872957
test_extra,full-test_extra-000977,24.271869659423828,0.8465186275605222,10.020368594990185,8,11.837150735674477,True,0.0033632286995515697,50176.0,10.020368594990185,7.650726427082757,3.679082653234311,3.421125374376622,1.8063244549809978,1.5366518955896145,1.3896244666196198,0.8465186275605222
test_extra,full-test_extra-000998,5.8272786140441895,1.1083557918713844,10.12901984458873,8,9.138780091081184,True,0.0033632286995515697,50176.0,10.12901984458873,7.027337251938295,4.081710652154602,3.617049610609067,2.5217837967157535,1.688500277961003,1.434197803065039,1.1083557918713844
test_extra,full-test_extra-000420,4.7405171394348145,0.8260181439603226,10.573136571057836,8,12.800126302753117,True,0.0033632286995515697,50176.0,10.573136571057836,8.084311968531887,4.516020069309489,2.3487828730581772,2.0875108317737046,1.6243921238863115,1.207137278749953,0.8260181439603226
test_extra,full-test_extra-000846,3.03476619720459,0.9675804182796938,8.790135135023538,8,9.084655878683375,True,0.0033632286995515697,50176.0,8.790135135023538,6.528501544759835,5.489194941422515,3.494996022103501,1.9512040537443092,1.5800611439966594,1.0970133939759101,0.9675804182796938
test_extra,full-test_extra-000334,19.03612518310547,0.8326614473254822,11.002716621270029,8,13.213913838104162,True,0.0033632286995515697,50176.0,11.002716621270029,7.40011705647586,3.3921719971191893,1.9328341905231559,1.5656673034182753,1.3501162215721625,0.9182245323155717,0.8326614473254822
test_extra,full-test_extra-000705,6.411865234375,1.1441859016993672,9.640895552602759,8,8.425987016868424,True,0.0033632286995515697,50176.0,9.640895552602759,9.071033349969726,4.476579292083039,2.533537606434982,1.9598131852357283,1.3985298723163035,1.3058892327474023,1.1441859016993672
test_extra,full-test_extra-000044,4.488256931304932,0.803482749999789,8.245076684950142,8,10.2616723071557,True,0.0033632286995515697,50176.0,8.245076684950142,6.001528036637656,5.201002302269656,3.1956616499663535,2.5174565073104427,1.4985159086635635,1.000785514490679,0.803482749999789
test_extra,full-test_extra-000861,12.82367992401123,1.0775596416492121,11.61634053570805,8,10.780229777285612,True,0.0033632286995515697,50176.0,11.61634053570805,10.424193607505384,4.506955038654857,2.7261018515168414,1.7868620484275155,1.6985717659338144,1.2195670219462116,1.0775596416492121
test_extra,full-test_extra-000352,11.017325401306152,0.7947906730201829,9.461083867658706,8,11.903868765478645,True,0.0033632286995515697,50176.0,9.461083867658706,8.49316395060445,3.7602615367489873,1.9727272731477534,1.5229795655612468,1.236243037723648,0.8863336658787108,0.7947906730201829
test_extra,full-test_extra-000835,6.060830593109131,0.9269123260473507,10.867662685017793,8,11.724585356806038,True,0.0033632286995515697,50176.0,10.867662685017793,7.845744854899558,4.41555434787241,2.5407319458522553,1.8215890697527417,1.4640822778207945,1.242536694299084,0.9269123260473507
test_extra,full-test_extra-000630,8.505824089050293,1.3019321519195581,9.317552463670818,8,7.156711238702489,True,0.0033632286995515697,50176.0,9.317552463670818,7.895885287436053,6.074818760967568,3.3338917574147193,3.020345797999303,1.8980792986765662,1.4605336408607814,1.3019321519195581
test_extra,full-test_extra-000579,8.802425384521484,0.8460150396592936,8.104470059649843,8,9.579581543743794,True,0.0033632286995515697,50176.0,8.104470059649843,6.912049767973856,4.588134825699639,2.328766480157011,1.822474955893712,1.3237721061945062,1.0934826574520295,0.8460150396592936
test_extra,full-test_extra-000839,5.957461357116699,1.1476486409438955,11.045279399269484,8,9.624269140583985,True,0.0033632286995515697,50176.0,11.045279399269484,8.369377706063824,4.316265269314797,2.2674782948196373,1.9681264245321592,1.6574857961374987,1.4100365662456567,1.1476486409438955
test_extra,full-test_extra-000932,10.272089958190918,0.9967713916161385,9.309420115820705,8,9.339573942553328,True,0.0033632286995515697,50176.0,9.309420115820705,6.845167287549928,4.672410623094807,3.051199937286737,2.754455833347784,1.659677841192255,1.2782499880320926,0.9967713916161385
test_extra,full-test_extra-000133,8.130531311035156,1.2230882150391897,9.658860251600837,8,7.897108428349423,True,0.0033632286995515697,50176.0,9.658860251600837,7.434158291853056,4.608596059749945,2.961747815944387,2.6657549292056535,1.6877318672180863,1.5885007316955324,1.2230882150391897
test_extra,full-test_extra-000557,14.387067794799805,0.7917220719890479,9.457481493975719,8,11.945456402668722,True,0.0033632286995515697,50176.0,9.457481493975719,7.262202457901256,3.2611676110860457,1.5433186181970044,1.4212172655942534,1.4045831136122755,0.8301687639870979,0.7917220719890479
test_extra,full-test_extra-000632,11.004471778869629,0.9722245097598314,10.50679177344529,8,10.80696039646314,True,0.0033632286995515697,50176.0,10.50679177344529,6.990427687943832,3.6388445064905395,3.218716450367218,1.8663251633166964,1.5157751907536012,1.333474230547371,0.9722245097598314
test_extra,full-test_extra-000924,26.175579071044922,1.1380279980606738,11.53377969232093,8,10.134882192683987,True,0.0033632286995515697,50176.0,11.53377969232093,10.218748054339702,4.682935675660645,3.0515171308832527,2.122130279055795,1.6381135665161604,1.497629412293127,1.1380279980606738
test_extra,full-test_extra-000410,11.590435981750488,1.0880133026973762,10.342692686865146,8,9.506035138746736,True,0.0033632286995515697,50176.0,10.342692686865146,7.077355713965958,5.533842927687761,3.7845734583033943,2.1550513095043704,1.653840179510447,1.4079383636719476,1.0880133026973762
test_extra,full-test_extra-000853,5.872872829437256,1.063601134341028,9.299127038181101,8,8.743058593993068,True,0.0033632286995515697,50176.0,9.299127038181101,7.888765967192004,6.053210160689252,4.065385111638894,2.725830346330126,1.5168073388080177,1.4359387948314815,1.063601134341028
test_extra,full-test_extra-000470,10.438131332397461,0.9462083445405887,10.317610285738422,8,10.904163279967603,True,0.0033632286995515697,50176.0,10.317610285738422,8.358726682214355,3.7996816719673823,2.0505449062218775,1.7192139285389676,1.4207477553687742,1.072431959864372,0.9462083445405887
test_extra,full-test_extra-000685,9.005941390991211,0.7862831869230968,10.918219644725543,8,13.885861768774422,True,0.0033632286995515697,50176.0,10.918219644725543,9.162116736052434,4.082341143070519,2.036370358778127,1.6586107778265453,1.5322087624946243,0.9923894476506506,0.7862831869230968
test_extra,full-test_extra-000739,17.725643157958984,1.2545158183482632,9.472048870480466,8,7.5503622448951475,True,0.0033632286995515697,50176.0,9.472048870480466,8.73499024119676,5.161463346533782,3.564381362933621,2.68770717091721,1.443730521018789,1.332073261583965,1.2545158183482632
test_extra,full-test_extra-000324,4.121975898742676,1.0764543636163464,9.114078154013962,8,8.466757590535686,True,0.0033632286995515697,50176.0,9.114078154013962,7.470347926021422,5.423468330788203,3.3941603175778208,2.604627224177609,1.5261965953635699,1.3313187856838442,1.0764543636163464
test_extra,full-test_extra-000768,2.2549428939819336,1.1054923527590907,8.985005568797655,8,8.127605357353088,True,0.0033632286995515697,50176.0,8.985005568797655,7.360652529589921,5.454535824206326,3.182225473050691,2.3267787584077975,1.56180161354821,1.2943812493165765,1.1054923527590907
test_extra,full-test_extra-000823,10.466678619384766,1.2629513680132454,9.055726198072048,8,7.170288918026711,True,0.0033632286995515697,50176.0,9.055726198072048,7.284105633555394,6.954838157859185,4.687378831339379,2.617165953683428,1.6108362901283069,1.3983695254944162,1.2629513680132454
test_extra,full-test_extra-000320,17.698762893676758,0.940004195997679,9.547745916715357,8,10.157131167464417,True,0.0033632286995515697,50176.0,9.547745916715357,7.229135596335227,4.17462252561042,2.9040040524561617,1.643476042930308,1.4691360117494674,1.2911621196719607,0.940004195997679
test_extra,full-test_extra-000844,4.778574466705322,0.9610602855722183,7.568269633782575,8,7.874916638841655,True,0.0033632286995515697,50176.0,7.568269633782575,5.560040440132485,3.198092098479083,2.5880248835519986,1.981763720805982,1.390533320976512,1.136353313021266,0.9610602855722183
test_extra,full-test_extra-000999,2.961784839630127,0.976292025758435,7.553611515142002,8,7.737041085912752,True,0.0033632286995515697,50176.0,7.553611515142002,5.766471250934877,4.268231389705785,2.984453746831136,2.4210076469599797,1.4965324402310483,1.1295027967678553,0.976292025758435
test_extra,full-test_extra-000280,2.564089059829712,1.1554727706364254,7.9652719730806325,8,6.8935176799479425,True,0.0033632286995515697,50176.0,7.9652719730806325,7.038122470716736,5.978657740293702,3.8959352207150353,2.350721163761241,1.4744602337427501,1.194929678523493,1.1554727706364254
test_extra,full-test_extra-000229,8.498091697692871,1.110076613416405,8.211665027921184,8,7.397385845873031,True,0.0033632286995515697,50176.0,8.211665027921184,6.61498908383238,5.93911532506462,4.723995444240144,2.7672818027911132,1.6320702588813822,1.2248694239001512,1.110076613416405
test_extra,full-test_extra-000205,4.57238245010376,0.9699650238400966,8.10413508413431,8,8.355079703853646,True,0.0033632286995515697,50176.0,8.10413508413431,6.72414146141138,4.297128226640212,3.266735032348878,2.506732767581299,1.4509590098877174,1.2184109174653819,0.9699650238400966
test_extra,full-test_extra-000914,15.210780143737793,0.8885885550990588,10.138551482493504,8,11.40972548466289,True,0.0033632286995515697,50176.0,10.138551482493504,6.282754856974795,3.8645767256484693,3.3463310898521983,1.9225812461394318,1.5490199997616012,1.2770907942933976,0.8885885550990588
test_extra,full-test_extra-000071,6.554296970367432,0.9252226641772454,11.398015317390843,8,12.31921326476209,True,0.0033632286995515697,50176.0,11.398015317390843,7.641420496988899,4.265383560100857,2.5024004683302796,1.7846733486249338,1.4540013979286295,1.2445378076633833,0.9252226641772454
test_extra,full-test_extra-000447,9.020574569702148,1.0246105151086837,11.06169932927091,8,10.7960041070802,True,0.0033632286995515697,50176.0,11.06169932927091,10.2685203614156,4.189166649167057,2.447971056148514,1.8288655827152165,1.5523425756347256,1.2364328559861837,1.0246105151086837
test_extra,full-test_extra-000719,7.91519832611084,1.2595120487308982,9.567108811750403,8,7.595885105974457,True,0.0033632286995515697,50176.0,9.567108811750403,8.052082952811052,6.153745227336107,2.9769966150134883,2.3548235721929216,1.616251221503802,1.46054117269162,1.2595120487308982
test_extra,full-test_extra-000506,14.742563247680664,1.1837623257339813,9.331201350320073,8,7.882664575031432,True,0.0033632286995515697,50176.0,9.331201350320073,7.427516213088899,4.7212857540689726,4.251150798764215,2.624448525384928,1.404536213678057,1.367544168308332,1.1837623257339813
test_extra,full-test_extra-000904,10.499189376831055,1.0117321561444252,10.017431576431424,8,9.901268350119961,True,0.0033632286995515697,50176.0,10.017431576431424,5.384883561216422,5.0523939381091765,2.94015676636661,2.2670468764158653,1.4094383851435248,1.2312628248402766,1.0117321561444252
test_extra,full-test_extra-000203,13.54643726348877,0.7092153788629847,11.222980003336705,8,15.824501749143407,True,0.0033632286995515697,50176.0,11.222980003336705,5.262932118583238,3.73092893951598,1.6409629130250623,1.4457026870123286,1.3232341195006192,1.086356733583661,0.7092153788629847
test_extra,full-test_extra-000572,12.23880386352539,1.0952215003401666,12.167681394671456,8,11.109790476987785,True,0.0033632286995515697,50176.0,12.167681394671456,9.384995426368008,4.062951664678346,2.145104809086441,1.7909928867094378,1.4762078616927297,1.1802005718863418,1.0952215003401666
test_extra,full-test_extra-000750,6.744181156158447,0.8235299320538186,9.225786507856908,8,11.202733681881513,True,0.0033632286995515697,50176.0,9.225786507856908,7.210666659917565,3.5980225459342385,2.1374613299188114,1.4636933917627406,1.3082002449827674,0.9916594862154754,0.8235299320538186
test_extra,full-test_extra-000547,6.212993621826172,0.9956961758754501,7.8675603641718155,8,7.901567320226361,True,0.0033632286995515697,50176.0,7.8675603641718155,6.559986247225004,4.8020653794060415,2.7296363494415754,1.732358931600694,1.5630153040323655,1.0843099968303687,0.9956961758754501
test_extra,full-test_extra-000215,7.2487335205078125,0.9272601968825852,8.474404038998804,8,9.139186678657662,True,0.0033632286995515697,50176.0,8.474404038998804,6.189104334599462,4.71909159894604,2.8068465425335036,1.6066489508361212,1.347961167594982,1.3211338817068945,0.9272601968825852
test_extra,full-test_extra-000911,4.425863265991211,1.1083376321097258,8.561536987313199,8,7.724665065298084,True,0.0033632286995515697,50176.0,8.561536987313199,7.817096841235925,5.944831274418375,3.124816436294936,2.3274829036564024,1.7018332341623292,1.3938944543237581,1.1083376321097258
test_extra,full-test_extra-000920,7.9745283126831055,0.9588298232902446,8.263427722522565,8,8.618242280122702,True,0.0033632286995515697,50176.0,8.263427722522565,7.365384982596053,4.397270869424059,2.207762631966361,1.7155863614875448,1.3037416495857952,1.065051109000814,0.9588298232902446
test_extra,full-test_extra-000527,3.363957643508911,1.1481541802449484,8.587152091658396,8,7.479093173554795,True,0.0033632286995515697,50176.0,8.587152091658396,5.906318853051032,4.534856574043326,4.338860369371106,2.7457701520544506,1.7410193851858664,1.436409304684525,1.1481541802449484
test_extra,full-test_extra-000249,10.536523818969727,1.0408744678324062,9.667669946742057,8,9.288026794311447,True,0.0033632286995515697,50176.0,9.667669946742057,6.791892008109374,6.0641661038585575,3.651568990651715,1.9590506906408562,1.6234781634562427,1.2954747868486534,1.0408744678324062
test_extra,full-test_extra-000211,5.138152122497559,1.0362908170912717,9.544830517984305,8,9.210571357541655,True,0.0033632286995515697,50176.0,9.544830517984305,8.639341750043998,4.362744287256499,2.233480244655658,1.6246503118496296,1.3794117281712142,1.15132444829398,1.0362908170912717
test_extra,full-test_extra-000250,6.748188495635986,0.8469264720829061,9.086275414520067,8,10.728529233681346,True,0.0033632286995515697,50176.0,9.086275414520067,4.437284392807809,4.262579943118693,3.187741336746925,2.372845576993831,1.3742695220665526,1.2226809276827384,0.8469264720829061
test_extra,full-test_extra-000047,11.911623001098633,1.186723091462299,9.122304891256698,8,7.686970074894261,True,0.0033632286995515697,50176.0,9.122304891256698,8.47215821881672,5.769441611671353,3.73223476295331,2.7443743744918407,1.4366247956150875,1.3341638659413213,1.186723091462299
test_extra,full-test_extra-000658,3.8109312057495117,1.1336804493056376,7.690806003609115,8,6.783927524126944,True,0.0033632286995515697,50176.0,7.690806003609115,6.9354073732249235,6.70043346929476,4.378029202946037,2.438528566894818,1.3779939761314626,1.1812359205386238,1.1336804493056376
test_extra,full-test_extra-000068,5.431850910186768,1.114689612219886,10.604366644460857,8,9.513290989894879,True,0.0033632286995515697,50176.0,10.604366644460857,9.47425865605602,6.248903652889026,4.827413829615578,2.5013400518811997,1.7613917499516993,1.5223290013325645,1.114689612219886
test_extra,full-test_extra-000510,7.2700910568237305,1.0048717827498024,8.456039239459129,8,8.4150429782389,True,0.0033632286995515697,50176.0,8.456039239459129,7.549347796490637,5.8772676101598815,3.921491402191894,2.2020996943602857,1.5293600484084293,1.310266288271184,1.0048717827498024
test_extra,full-test_extra-000461,25.09381675720215,0.9164888016622167,10.219403739303768,8,11.150604045318445,True,0.0033632286995515697,50176.0,10.219403739303768,8.73972430194489,3.4929226449791617,1.733104740922898,1.6200612532288439,1.4858692389482806,1.028063256550679,0.9164888016622167
test_extra,full-test_extra-000698,4.589974403381348,1.0657309558526427,7.7536134411587305,8,7.275394787566641,True,0.0033632286995515697,50176.0,7.7536134411587305,6.995768636467194,4.162227738034099,3.180601016243357,2.2846993048307347,1.492522585664126,1.21714558298799,1.0657309558526427
test_extra,full-test_extra-000759,42.52840805053711,1.2738027975229838,9.76193866161258,8,7.663618482072334,True,0.0033632286995515697,50176.0,9.76193866161258,8.381420301512131,5.054597168434897,3.684871238884902,2.6460919091267794,1.8740327890396702,1.3985187285565341,1.2738027975229838
test_extra,full-test_extra-000472,17.149263381958008,0.8190473665868734,9.468357100596696,8,11.560207000058064,True,0.0033632286995515697,50176.0,9.468357100596696,6.24206956966728,3.764715141509116,3.1808029777546456,1.8182586424748255,1.531275188860592,1.2140198475582566,0.8190473665868734
test_extra,full-test_extra-000773,2.363034725189209,0.8582957186160509,9.144100439910614,8,10.653787781506022,True,0.0033632286995515697,50176.0,9.144100439910614,7.089593628458135,3.3355988806448242,3.094040841769279,2.3418130703076785,1.4564561557144027,1.2620770351649406,0.8582957186160509
test_extra,full-test_extra-000022,9.24367904663086,1.015505077976586,9.837190728016624,8,9.686993143960859,True,0.0033632286995515697,50176.0,9.837190728016624,8.011999918065232,5.23515001461242,2.432315410159272,2.2804192076230643,1.501201720194418,1.2623482634279095,1.015505077976586
test_extra,full-test_extra-000508,13.04340934753418,0.8288831601474694,7.739532993994557,8,9.337302729877623,True,0.0033632286995515697,50176.0,7.739532993994557,7.199411170450277,3.342527972885014,2.2333465043054717,1.4219056663252436,1.1986083215236296,1.000665094516236,0.8288831601474694
test_extra,full-test_extra-000967,9.194758415222168,0.9257513026554065,8.73424273782314,8,9.434761488069217,True,0.0033632286995515697,50176.0,8.73424273782314,7.743688046875618,4.429475159539039,2.253704723154622,1.9300294307871655,1.7196031923757988,1.1720112430283802,0.9257513026554065
test_extra,full-test_extra-000832,18.062437057495117,0.6976071461175557,10.635310313741638,8,15.245414805354434,True,0.0033632286995515697,50176.0,10.635310313741638,8.122242875277976,3.943461592153834,2.5483949285654215,1.7876720120810914,1.4993904883453202,1.2178105821909733,0.6976071461175557
test_extra,full-test_extra-000427,7.986653804779053,0.8650728463910219,9.401357214357764,8,10.867705827987871,True,0.0033632286995515697,50176.0,9.401357214357764,4.845743174827745,3.523649518013862,3.002789457396619,1.633647819515419,1.5856622538520804,1.1811414124768658,0.8650728463910219
test_extra,full-test_extra-000265,10.103858947753906,1.0898108645500084,9.226254416708624,8,8.465922589713049,True,0.0033632286995515697,50176.0,9.226254416708624,5.8077717180430435,4.47373896959065,4.138205048366784,2.6186603496246788,1.4114524348272586,1.3454571635533847,1.0898108645500084
test_extra,full-test_extra-000258,8.131887435913086,0.8821631795365775,10.345859533868499,8,11.727829696205909,True,0.0033632286995515697,50176.0,10.345859533868499,6.836481839489107,3.990859550947247,2.620465340849293,1.789209404295131,1.5428821716766232,1.2427100800616933,0.8821631795365775
test_extra,full-test_extra-000129,7.500715732574463,1.150508353146743,9.99382847344479,8,8.686445818590345,True,0.0033632286995515697,50176.0,9.99382847344479,7.466723429274768,4.676234578324839,3.311852697970391,1.7313684185900384,1.721109732466385,1.4865052374002536,1.150508353146743
test_extra,full-test_extra-000925,10.03860092163086,0.6787923141513125,9.319248462430188,8,13.729160257334316,True,0.0033632286995515697,50176.0,9.319248462430188,7.573505134778444,2.887721880807356,1.7449905165876982,1.5520088422335032,1.3933971927543065,0.9363260250787542,0.6787923141513125
test_extra,full-test_extra-000409,10.963607788085938,1.1623234423957938,10.203703983925603,8,8.778713060190558,True,0.0033632286995515697,50176.0,10.203703983925603,6.3894937505924165,6.054442119037815,4.488699106152851,2.7764067682743936,1.525403642605063,1.444267094663046,1.1623234423957938
test_extra,full-test_extra-000306,5.240209102630615,1.142677877119441,8.351852197286405,8,7.309017146932485,True,0.0033632286995515697,50176.0,8.351852197286405,7.531048757633829,6.477867146242976,4.286552277628507,2.3680947045900163,1.5383760870987324,1.3244002435319226,1.142677877119441
test_extra,full-test_extra-000733,7.072212219238281,0.7143136115578255,9.471281331121764,8,13.259276006887404,True,0.0033632286995515697,50176.0,9.471281331121764,7.770558695624874,3.2159111683810466,1.9533525579495925,1.5363731500022682,1.406983049056325,0.9433819530577808,0.7143136115578255
test_extra,full-test_extra-000150,12.740601539611816,0.5760611107341896,9.341163515088118,8,16.215577377168906,True,0.0033632286995515697,50176.0,9.341163515088118,6.470048226476316,2.6624745185553236,1.722219072306743,1.5035508100854014,1.2476330582205393,0.6608550301431142,0.5760611107341896
test_extra,full-test_extra-000936,4.526433944702148,0.9570739177127132,9.50896585242075,8,9.935456056671137,True,0.0033632286995515697,50176.0,9.50896585242075,6.170807682869911,4.201049955905229,3.495437766517065,2.5800042609489844,1.4807402441096258,1.425074523566153,0.9570739177127132
test_extra,full-test_extra-000991,20.0963077545166,1.015208660326248,10.444652000292054,8,10.288182526866501,True,0.0033632286995515697,50176.0,10.444652000292054,9.098298441554208,4.8389846393423035,3.931329363799477,2.181576179520789,1.701666907419365,1.3986170929776172,1.015208660326248
test_extra,full-test_extra-000781,10.212586402893066,0.979948665019919,10.339509780340927,8,10.55107287699684,True,0.0033632286995515697,50176.0,10.339509780340927,6.564827498492938,4.193273646380073,2.7822918913075685,2.037228073548455,1.4784150643164513,1.3101593806160468,0.979948665019919
test_extra,full-test_extra-000358,17.025611877441406,0.7000529456647876,9.051980704293463,8,12.930422992074519,True,0.0033632286995515697,50176.0,9.051980704293463,4.895422595701492,3.0661556475866276,2.3699109754857677,1.4420652459893115,1.3657039868242464,1.0757833152087755,0.7000529456647876
test_extra,full-test_extra-000646,16.910667419433594,0.6809666007530099,10.105371210031178,8,14.839745736217758,True,0.0033632286995515697,50176.0,10.105371210031178,8.107992443386882,3.459867319900467,2.1290124535722854,1.6239118779015822,1.4270291454383437,1.0444565455423829,0.6809666007530099
test_extra,full-test_extra-000209,6.883739948272705,0.9959446659327624,8.917186268638604,8,8.953495684709672,True,0.0033632286995515697,50176.0,8.917186268638604,6.691581042688767,4.582506834720926,3.426824366702503,1.8053310389457644,1.6021534371367416,1.443606371473623,0.9959446659327624
test_extra,full-test_extra-000986,4.461495399475098,1.06784082405562,8.299246071491215,8,7.771988000955971,True,0.0033632286995515697,50176.0,8.299246071491215,7.221309415935252,5.628074019617498,4.763536729622071,2.7346791582475802,1.5547926704700907,1.1880903866127073,1.06784082405562
test_extra,full-test_extra-000642,5.783818244934082,1.3138207019161554,10.444318058525676,8,7.949576409698106,True,0.0033632286995515697,50176.0,10.444318058525676,9.192934106994759,6.793535693294864,4.596865016016157,2.351494243330498,1.6634924531940696,1.5420493718523562,1.3138207019161554
test_extra,full-test_extra-000948,5.938929080963135,1.0116426506561254,7.0823284042983286,8,7.0008202992478745,True,0.0033632286995515697,50176.0,7.0823284042983286,6.740023458701514,3.7710400388755367,3.5400520358038774,2.3429336363001094,1.2516152949409378,1.170219433159282,1.0116426506561254
test_extra,full-test_extra-000321,5.779029846191406,1.382183692241533,11.640937469286001,8,8.422134868634942,True,0.0033632286995515697,50176.0,11.640937469286001,10.32386603202246,5.3529443181933605,3.860142327425873,2.883145572776326,1.7881428090327867,1.7245977571925748,1.382183692241533
test_extra,full-test_extra-000329,21.70541000366211,0.8700807089734064,10.037572565045778,8,11.536369513224747,True,0.0033632286995515697,50176.0,10.037572565045778,7.97860536756702,2.9627048936000553,1.9289979517655789,1.562766961999509,1.4614340070747234,0.958697162767865,0.8700807089734064
test_extra,full-test_extra-000491,29.234588623046875,0.8654686755025377,9.06262208012963,8,10.471346146488068,True,0.0033632286995515697,50176.0,9.06262208012963,6.7939303539692775,4.280535771316483,3.063872823479464,2.0168049277908406,1.6875145383855432,1.1939484174954926,0.8654686755025377
test_extra,full-test_extra-000905,6.589526653289795,1.0420384331896522,9.141796010982642,8,8.772993125598875,True,0.0033632286995515697,50176.0,9.141796010982642,7.352003554974507,4.318522405114398,2.8299849533538186,2.0097426226039965,1.3817749163588002,1.243057776900938,1.0420384331896522
test_extra,full-test_extra-000070,10.658761024475098,0.9757939991926622,11.113106934868716,8,11.388783845835608,True,0.0033632286995515697,50176.0,11.113106934868716,6.1373690730190384,3.882338791495511,2.853354548976303,2.0869038630641215,1.574412673857714,1.4039016596365659,0.9757939991926622
test_extra,full-test_extra-000528,8.379817962646484,1.0956906790285312,10.867331097776365,8,9.918247280712137,True,0.0033632286995515697,50176.0,10.867331097776365,9.50768833016266,4.682420783253307,2.387173458527823,2.1225291915459006,1.5169851300044364,1.4065257976949908,1.0956906790285312
test_extra,full-test_extra-000921,6.278714179992676,1.3177818362596254,9.379997023026455,8,7.118019663748375,True,0.0033632286995515697,50176.0,9.379997023026455,8.128911314184666,6.315418813887657,4.047720316892916,2.742208717835076,1.5378510775363063,1.494955607375839,1.3177818362596254
test_extra,full-test_extra-000290,9.900883674621582,0.49541309791422594,8.2933419961737,8,16.74025582103116,True,0.0033632286995515697,50176.0,8.2933419961737,6.099625126326431,3.3419034495822535,1.4121298791125085,1.3190876737495725,1.1869182057915661,0.5178210690142445,0.49541309791422594
test_extra,full-test_extra-000141,9.547910690307617,1.169165732452193,9.093378956954863,8,7.777664624058498,True,0.0033632286995515697,50176.0,9.093378956954863,7.071960085444199,6.154223047623399,4.342852191283952,2.452328822233234,1.5851535049737449,1.2929380383170328,1.169165732452193
test_extra,full-test_extra-000361,5.459497451782227,1.1020329135248568,9.41721740228816,8,8.545314106969048,True,0.0033632286995515697,50176.0,9.41721740228816,7.382182397520885,5.241570294481625,2.64508949022121,2.141323244634115,1.3391591880778002,1.312645096005102,1.1020329135248568
test_extra,full-test_extra-000187,6.509328365325928,1.1156855775322614,9.145758461914934,8,8.197433619375145,True,0.0033632286995515697,50176.0,9.145758461914934,7.777000879947555,5.610469767808409,3.242307540523629,1.9209304497450028,1.6664925698540194,1.3097252062850457,1.1156855775322614
test_extra,full-test_extra-000758,18.214223861694336,0.8664819583609228,10.961369844914886,8,12.650430559050436,True,0.0033632286995515697,50176.0,10.961369844914886,7.609218984423245,3.8291403428739943,1.6390211257823462,1.5169721801147136,1.3524034748249216,0.9525506946463305,0.8664819583609228
test_extra,full-test_extra-000960,26.088193893432617,1.1561791426567738,11.013059723931326,8,9.525392145221124,True,0.0033632286995515697,50176.0,11.013059723931326,9.695801571407669,4.8720199415694125,2.838568734991248,2.165503381638635,1.569959626515054,1.470591136199694,1.1561791426567738
test_extra,full-test_extra-000898,13.148326873779297,1.140919235702514,10.95341665655264,8,9.60051887442159,True,0.0033632286995515697,50176.0,10.95341665655264,9.959533923781477,3.7926683622761446,2.171633759707882,1.7495605880512943,1.7000912635563605,1.285080255946256,1.140919235702514
test_extra,full-test_extra-000880,13.801628112792969,1.1583625559106085,9.966268396949989,8,8.603755660174405,True,0.0033632286995515697,50176.0,9.966268396949989,7.3208241159612415,5.964823043458931,4.462307997195049,2.5570937360750414,1.6178722242447614,1.2844979878203269,1.1583625559106085
test_extra,full-test_extra-000526,5.117173194885254,1.0101120156243137,10.796373033536014,8,10.688292849247185,True,0.0033632286995515697,50176.0,10.796373033536014,7.185234248187587,4.433699810446465,1.9469261532533915,1.607895154999304,1.5896679956711852,1.1221584998303318,1.0101120156243137
