id,sample_mae_px,chord_distance,true_p0x,true_p0y,true_p1x,true_p1y,true_p2x,true_p2y,pred_p0x,pred_p0y,pred_p1x,pred_p1y,pred_p2x,pred_p2y,error_p0x_px,error_p0y_px,error_p1x_px,error_p1y_px,error_p2x_px,error_p2y_px
minimal-test-000000,5.008063316345215,0.3296125823243047,0.3060215413570404,0.283390611410141,0.6359037160873413,0.8529521226882935,0.8397532105445862,0.5899214148521423,0.3077417016029358,0.2521961033344269,0.6192556023597717,0.8251567482948303,0.859382688999176,0.5521629452705383,0.383595734834671,-6.9563751220703125,-3.712529420852661,-6.198368549346924,4.377373695373535,-8.420138359069824
minimal-test-000001,9.782007217407227,0.08339886576265895,0.17920343577861786,0.605290412902832,0.12690973281860352,0.7625715732574463,0.6434410810470581,0.1960269957780838,0.1472260057926178,0.6104543209075928,0.15720254182815552,0.6238671541213989,0.6317312717437744,0.15068234503269196,-7.130966663360596,1.1515514850616455,6.755296230316162,-30.93108558654785,-2.6112875938415527,-10.111857414245605
minimal-test-000002,8.353888511657715,0.14271143358319707,0.16074369847774506,0.7728757262229919,0.7520694732666016,0.8002074360847473,0.5361053347587585,0.6978428363800049,0.1675354391336441,0.7943716049194336,0.6669947504997253,0.7476785778999329,0.5787219405174255,0.6815823316574097,1.51455819606781,4.793581008911133,-18.971662521362305,-11.713935852050781,9.50350284576416,-3.6260924339294434
minimal-test-000003,5.458344459533691,0.10661279227477263,0.22557127475738525,0.7107107043266296,0.5035498738288879,0.4668499529361725,0.7070683836936951,0.49125486612319946,0.22134700417518616,0.6985214352607727,0.43384912610054016,0.43311068415641785,0.7161983251571655,0.4733770787715912,-0.9420123100280762,-2.7182068824768066,-15.543266296386719,-7.523857116699219,2.0359768867492676,-3.9867465496063232
minimal-test-000004,4.396194934844971,0.37349378833724195,0.2543017566204071,0.2569538354873657,0.2556948959827423,0.6461217403411865,0.8254105448722839,0.4219333827495575,0.24248138070106506,0.2558659315109253,0.22201868891716003,0.5956182479858398,0.8290809988975525,0.4044085443019867,-2.63594388961792,-0.24260258674621582,-7.509794235229492,-11.26227855682373,0.8185112476348877,-3.908039093017578
minimal-test-000005,6.163201808929443,0.303283437767094,0.3322300314903259,0.39950403571128845,0.1108836829662323,0.6958557367324829,0.7662505507469177,0.41340067982673645,0.2955484986305237,0.3990492820739746,0.13104209303855896,0.6109880805015564,0.7778069376945496,0.4012933671474457,-8.17998218536377,-0.10141006112098694,4.495325565338135,-18.925487518310547,2.5770742893218994,-2.6999306678771973
minimal-test-000006,10.426997184753418,0.1182962347289676,0.18828843533992767,0.7759368419647217,0.3539389371871948,0.6422576308250427,0.5813893675804138,0.7405660152435303,0.21755772829055786,0.7211527228355408,0.3421843945980072,0.5637937784194946,0.6280499696731567,0.6809514164924622,6.527052402496338,-12.216858863830566,-2.621263027191162,-17.497438430786133,10.405314445495605,-13.294055938720703
minimal-test-000007,3.2379531860351562,0.3060871034965171,0.33517879247665405,0.5391188263893127,0.5413725972175598,0.18540063500404358,0.685910701751709,0.46853718161582947,0.32811012864112854,0.5257418751716614,0.5231437683105469,0.16047093272209167,0.7006058692932129,0.45971667766571045,-1.5763120651245117,-2.983060121536255,-4.065028667449951,-5.559323787689209,3.277022361755371,-1.9669723510742188
minimal-test-000008,3.102916955947876,0.2194607868066974,0.20143619179725647,0.39113718271255493,0.4710444211959839,0.13901562988758087,0.7778312563896179,0.3244422674179077,0.1975041627883911,0.3761756122112274,0.46106192469596863,0.09999765455722809,0.7858269810676575,0.31684550642967224,-0.8768424987792969,-3.336430311203003,-2.2260966300964355,-8.701008796691895,1.7830466032028198,-1.694077730178833
minimal-test-000009,4.997647285461426,0.3325587950531894,0.18442343175411224,0.6972337961196899,0.16641809046268463,0.21164385974407196,0.6382702589035034,0.17631421983242035,0.17529770731925964,0.6936160922050476,0.1307348608970642,0.15201035141944885,0.6330363154411316,0.15514248609542847,-2.035036563873291,-0.8067479729652405,-7.95736026763916,-13.298272132873535,-1.1671693325042725,-4.721296787261963
minimal-test-000010,4.332943439483643,0.09210969671414092,0.32012057304382324,0.5072326064109802,0.822729766368866,0.10842995345592499,0.7717669010162354,0.2446128875017166,0.30617737770080566,0.5093785524368286,0.7694121599197388,0.07867662608623505,0.7754899859428406,0.23091460764408112,-3.10933256149292,0.4785459637641907,-11.889825820922852,-6.6349921226501465,0.8302479386329651,-3.0547163486480713
minimal-test-000011,8.406302452087402,0.08328656357957412,0.34509119391441345,0.2636071741580963,0.7859205007553101,0.15079936385154724,0.7910453677177429,0.2339290976524353,0.3367444574832916,0.31421035528182983,0.675975501537323,0.1426069438457489,0.8050357103347778,0.26902997493743896,-1.8613221645355225,11.284509658813477,-24.51773452758789,-1.8269096612930298,3.1198463439941406,7.827495574951172
minimal-test-000012,4.108830451965332,0.4279192465883143,0.31378135085105896,0.4935407340526581,0.7044022083282471,0.7504284381866455,0.7905005812644958,0.1849363148212433,0.31269845366477966,0.49377334117889404,0.6848419904708862,0.7143522500991821,0.807857871055603,0.1486940234899521,-0.2414860725402832,0.05187138915061951,-4.361928462982178,-8.044989585876465,3.870675563812256,-8.08203125
minimal-test-000013,2.1299943923950195,0.13801928780808487,0.3152449429035187,0.33064156770706177,0.7200189232826233,0.41640612483024597,0.6751489639282227,0.5507492423057556,0.3168770372867584,0.33415839076042175,0.7127106785774231,0.39193791151046753,0.6867029666900635,0.5419193506240845,0.3639570474624634,0.7842515707015991,-1.6297385692596436,-5.456411361694336,2.576542615890503,-1.9690659046173096
minimal-test-000014,4.970272064208984,0.28029948850830244,0.21072593331336975,0.7852039933204651,0.8683637380599976,0.19665731489658356,0.7703116536140442,0.5441104769706726,0.20354363322257996,0.7844509482383728,0.8131142258644104,0.20424804091453552,0.792942225933075,0.5037873387336731,-1.6016528606414795,-0.1679290533065796,-12.32064151763916,1.6927318572998047,5.04661750793457,-8.992059707641602
minimal-test-000015,4.25028657913208,0.32453375123677164,0.23830153048038483,0.5550971627235413,0.17477214336395264,0.23550839722156525,0.6973103880882263,0.4201878309249878,0.23731696605682373,0.5580850839614868,0.1172693520784378,0.20040935277938843,0.7036283612251282,0.4087226390838623,-0.21955786645412445,0.6663064360618591,-12.823122024536133,-7.827086925506592,1.4089080095291138,-2.5567378997802734
minimal-test-000016,4.8690996170043945,0.56217109891682,0.26492223143577576,0.2228967845439911,0.14556542038917542,0.8070072531700134,0.7633862495422363,0.522344708442688,0.2500942647457123,0.23417222499847412,0.12432911992073059,0.7536196708679199,0.7747180461883545,0.5033966302871704,-3.3066365718841553,2.514423131942749,-4.735694885253906,-11.905430793762207,2.5269906520843506,-4.22542142868042
minimal-test-000017,12.942559242248535,0.08662981905995984,0.22405245900154114,0.7733986973762512,0.2916598916053772,0.828591525554657,0.7053040266036987,0.31191179156303406,0.2024044394493103,0.7703338265419006,0.4047246277332306,0.6709098219871521,0.7198538184165955,0.2736906111240387,-4.827508449554443,-0.6834661960601807,25.213436126708984,-35.163021087646484,3.2446036338806152,-8.523323059082031
minimal-test-000018,5.579958915710449,0.3533886094956985,0.24542824923992157,0.5767059922218323,0.20310857892036438,0.174991175532341,0.7289599776268005,0.23831577599048615,0.2510235607624054,0.5808653831481934,0.1484263390302658,0.11688202619552612,0.7304155230522156,0.21218399703502655,1.247754454612732,0.9275441765785217,-12.19413948059082,-12.958340644836426,0.3245866298675537,-5.827386856079102
minimal-test-000019,5.11100435256958,0.15052779077450265,0.2886869013309479,0.671223521232605,0.8648886680603027,0.7050970196723938,0.7082335948944092,0.5839377641677856,0.2774519920349121,0.677441418170929,0.824944019317627,0.6639785766601562,0.7144395112991333,0.5511437654495239,-2.505384683609009,1.3865909576416016,-8.9076566696167,-9.169412612915039,1.383919358253479,-7.313061714172363
minimal-test-000020,3.465303421020508,0.24903034215731013,0.2750987112522125,0.5477969646453857,0.2946545481681824,0.27889642119407654,0.7523083686828613,0.389305979013443,0.27595871686935425,0.5466645956039429,0.27799853682518005,0.22526311874389648,0.7660127282142639,0.3965567946434021,0.19178125262260437,-0.25251829624176025,-3.7142906188964844,-11.960226058959961,3.056072235107422,1.6169319152832031
minimal-test-000021,6.46748161315918,0.14305150664088903,0.2861728072166443,0.7831790447235107,0.7093813419342041,0.7063168883323669,0.6448328495025635,0.5784458518028259,0.27117007970809937,0.7762138247489929,0.6666670441627502,0.6403522491455078,0.6551427841186523,0.545389711856842,-3.3456082344055176,-1.5532441139221191,-9.525288581848145,-14.710114479064941,2.2991154193878174,-7.371519088745117
minimal-test-000022,5.399989128112793,0.4706970344998478,0.18031810224056244,0.20587916672229767,0.646537721157074,0.6523280143737793,0.5737711787223816,0.18484853208065033,0.19284775853157043,0.2028067708015442,0.598480761051178,0.6073064804077148,0.6000924706459045,0.17455919086933136,2.7941133975982666,-0.685144305229187,-10.716702461242676,-10.039802551269531,5.869647979736328,-2.294523000717163
minimal-test-000023,9.027609825134277,0.2921700619230113,0.18978896737098694,0.19983966648578644,0.8755339980125427,0.561786413192749,0.6867021918296814,0.7912241816520691,0.17613010108470917,0.18289761245250702,0.8099011778831482,0.44072771072387695,0.7097117900848389,0.7886309027671814,-3.0459272861480713,-3.778078079223633,-14.63611888885498,-26.996089935302734,5.131140232086182,-0.578301191329956
minimal-test-000024,4.882086277008057,0.24807996456333056,0.15997248888015747,0.5468522310256958,0.6415450572967529,0.8930941820144653,0.5751223564147949,0.6274789571762085,0.16094301640987396,0.5345904231071472,0.6189844012260437,0.8361263275146484,0.5826596617698669,0.5964205265045166,0.21642763912677765,-2.7343831062316895,-5.031026363372803,-12.703831672668457,1.680819034576416,-6.926030158996582
minimal-test-000025,4.51732063293457,0.1886319869379605,0.31367987394332886,0.3411105275154114,0.7847645282745361,0.2703791558742523,0.8006993532180786,0.46968021988868713,0.30865493416786194,0.3578283190727234,0.7526397705078125,0.2198207825422287,0.8120827078819275,0.4639471769332886,-1.1205615997314453,3.728067398071289,-7.163821220397949,-11.274517059326172,2.5384881496429443,-1.2784686088562012
minimal-test-000026,3.0660245418548584,0.3521145525190532,0.2802233397960663,0.5994428992271423,0.16164831817150116,0.2665911614894867,0.7835361361503601,0.4661659896373749,0.2809217572212219,0.5963834524154663,0.1270597130060196,0.24132037162780762,0.7927414178848267,0.45649459958076477,0.15574708580970764,-0.6822566390037537,-7.713258743286133,-5.635385990142822,2.0527777671813965,-2.156719923019409
minimal-test-000027,4.779084205627441,0.23078563232096197,0.45168131589889526,0.5300148725509644,0.2677747905254364,0.3652108311653137,0.8071580529212952,0.34659460186958313,0.44122111797332764,0.5041499137878418,0.21443966031074524,0.378435879945755,0.8029058575630188,0.3251469135284424,-2.3326241970062256,-5.767885684967041,-11.893733978271484,2.949185848236084,-0.9482395648956299,-4.782834529876709
minimal-test-000028,4.692073345184326,0.37630354458971266,0.3769280016422272,0.6115738749504089,0.7262616753578186,0.3358613848686218,0.8131138682365417,0.765612781047821,0.37458282709121704,0.6105759739875793,0.6976587772369385,0.2913665473461151,0.8429086208343506,0.7456042170524597,-0.522973895072937,-0.22253191471099854,-6.378446102142334,-9.922348976135254,6.644229888916016,-4.461909770965576
minimal-test-000029,4.133932590484619,0.18228000135493821,0.2580469846725464,0.18016976118087769,0.578934907913208,0.3583117127418518,0.8200190663337708,0.17289604246616364,0.26538679003715515,0.1919063925743103,0.5238277912139893,0.33466050028800964,0.8275818824768066,0.17872534692287445,1.6367765665054321,2.6172688007354736,-12.288887023925781,-5.2742204666137695,1.6865079402923584,1.2999348640441895
minimal-test-000030,6.502172946929932,0.35732785916524745,0.1668640822172165,0.2017248272895813,0.7569827437400818,0.2589341998100281,0.5602505803108215,0.5634658932685852,0.15664516389369965,0.1958613395690918,0.7199246883392334,0.1797545701265335,0.5763306021690369,0.5369196534156799,-2.2788188457489014,-1.3075578212738037,-8.263946533203125,-17.65705680847168,3.5858449935913086,-5.919811248779297
minimal-test-000031,3.857272148132324,0.27327290237102786,0.19348721206188202,0.4320707321166992,0.6840361952781677,0.43640103936195374,0.5737214088439941,0.18186119198799133,0.19244979321956635,0.4290134012699127,0.6685305833816528,0.36707642674446106,0.5775308012962341,0.1708124577999115,-0.23134440183639526,-0.6817847490310669,-3.457751512527466,-15.459388732910156,0.8494945168495178,-2.463867664337158
minimal-test-000032,2.4346084594726562,0.30398916959803857,0.3256188631057739,0.172334685921669,0.19859501719474792,0.49871718883514404,0.8069745898246765,0.7676417827606201,0.31969255208969116,0.17681854963302612,0.2276885211467743,0.4927873909473419,0.8129577040672302,0.7535532116889954,-1.3215672969818115,0.9999015927314758,6.487851142883301,-1.3223448991775513,1.3342344760894775,-3.141751289367676
minimal-test-000033,4.218071460723877,0.25943002830810785,0.3055713474750519,0.6331133246421814,0.7618206143379211,0.10064337402582169,0.6617174744606018,0.4461801052093506,0.306214302778244,0.6120822429656982,0.7420417666435242,0.1138555258512497,0.6729687452316284,0.39860570430755615,0.14337903261184692,-4.689931392669678,-4.4106831550598145,2.946309804916382,2.509033441543579,-10.609091758728027
minimal-test-000034,3.871562957763672,0.21027465761445077,0.42272546887397766,0.15862815082073212,0.7759501934051514,0.1693568378686905,0.8148197531700134,0.467776894569397,0.4031173884868622,0.18768207728862762,0.7375942468643188,0.16564162075519562,0.8160452842712402,0.4799858033657074,-4.3726019859313965,6.479025840759277,-8.553376197814941,-0.8284934163093567,0.2732934355735779,2.7225866317749023
minimal-test-000035,3.040670871734619,0.17185530968899387,0.19987384974956512,0.21010969579219818,0.1303669959306717,0.373078316450119,0.6125911474227905,0.5230452418327332,0.20059636235237122,0.20375916361808777,0.11534693837165833,0.33273324370384216,0.619074821472168,0.5101553201675415,0.16112031042575836,-1.4161686897277832,-3.349472761154175,-8.99695110321045,1.4458593130111694,-2.874452590942383
minimal-test-000036,4.794013977050781,0.24523055434083005,0.19424688816070557,0.7488135099411011,0.6824101805686951,0.4558432102203369,0.5993964672088623,0.7101182341575623,0.2063937783241272,0.7272551655769348,0.6701619029045105,0.40977922081947327,0.6118549108505249,0.6856072545051575,2.708756446838379,-4.807510852813721,-2.731365919113159,-10.272269248962402,2.778233051300049,-5.465948581695557
minimal-test-000037,5.3848114013671875,0.2584240641432504,0.23420171439647675,0.2791358530521393,0.8024234175682068,0.10303369164466858,0.5866839289665222,0.3319947123527527,0.22571015357971191,0.26901882886886597,0.7536870837211609,0.09030500054359436,0.6053643226623535,0.2858659029006958,-1.893618106842041,-2.256096363067627,-10.868202209472656,-2.838498115539551,4.165727615356445,-10.286724090576172
minimal-test-000038,4.0008721351623535,0.4722074098119735,0.23496726155281067,0.5522130727767944,0.72569739818573,0.11113251745700836,0.6911051273345947,0.5820860266685486,0.23428714275360107,0.5432685017585754,0.7035657167434692,0.0639982521533966,0.6994135975837708,0.561638355255127,-0.15166649222373962,-1.9946393966674805,-4.935364723205566,-10.510941505432129,1.8527889251708984,-4.559830665588379
minimal-test-000039,2.742598056793213,0.11341822455322599,0.24228961765766144,0.28900253772735596,0.7899836897850037,0.5766803026199341,0.6748690605163574,0.6303233504295349,0.24113991856575012,0.2955142557621002,0.7901528477668762,0.5440011620521545,0.6951037049293518,0.6172758340835571,-0.25638288259506226,1.452113151550293,0.037722229957580566,-7.287448406219482,4.512325763702393,-2.9095962047576904
minimal-test-000040,2.848736047744751,0.18866111068319041,0.2932475805282593,0.26375460624694824,0.48199519515037537,0.1773802787065506,0.7825874090194702,0.6855947375297546,0.28805091977119446,0.2651219964027405,0.4817862808704376,0.131266787648201,0.7986352443695068,0.6778814196586609,-1.1588553190231323,0.3049280047416687,-0.04658788442611694,-10.283308029174805,3.578667163848877,-1.7200698852539062
minimal-test-000041,5.346558094024658,0.24627719083122462,0.18225912749767303,0.7255122661590576,0.8227553963661194,0.5140323638916016,0.7270810604095459,0.2733955979347229,0.17632301151752472,0.7407961487770081,0.7767416834831238,0.4637450873851776,0.7281231880187988,0.24810512363910675,-1.323753833770752,3.4083058834075928,-10.26105785369873,-11.214062690734863,0.23239445686340332,-5.63977575302124
minimal-test-000042,4.326539516448975,0.24093828332134223,0.3044784367084503,0.5609959363937378,0.177556112408638,0.20835767686367035,0.6805480122566223,0.7798624634742737,0.27957403659820557,0.5396797060966492,0.1702444702386856,0.22701343894004822,0.6888753175735474,0.743968665599823,-5.553681373596191,-4.753519535064697,-1.6304962635040283,4.1602349281311035,1.8569891452789307,-8.004317283630371
minimal-test-000043,4.260490417480469,0.3374885068989281,0.2562289834022522,0.27946048974990845,0.6406108736991882,0.22927607595920563,0.6118220090866089,0.7529235482215881,0.2461356818675995,0.2964778542518616,0.6066681146621704,0.20128795504570007,0.6067177057266235,0.7324373722076416,-2.2508063316345215,3.794872283935547,-7.569235324859619,-6.241351127624512,-1.1382596492767334,-4.568417072296143
minimal-test-000044,7.489641189575195,0.09001057961776987,0.3880014717578888,0.6326732635498047,0.28875991702079773,0.8557490706443787,0.8204246163368225,0.20945459604263306,0.3672982156276703,0.6444687247276306,0.261374294757843,0.7353600263595581,0.8349962830543518,0.20278462767601013,-4.616826057434082,2.630387783050537,-6.106993675231934,-26.846755981445312,3.249481678009033,-1.4874029159545898
minimal-test-000045,5.730681419372559,0.15899526854872303,0.2838314473628998,0.6629636287689209,0.5178080201148987,0.29585233330726624,0.7489429116249084,0.3242047429084778,0.2890520989894867,0.6619704961776733,0.46147048473358154,0.23877842724323273,0.7670319080352783,0.30773022770881653,1.1642053127288818,-0.22146856784820557,-12.563270568847656,-12.7274808883667,4.033846378326416,-3.6738169193267822
minimal-test-000046,6.928195476531982,0.2888366515460278,0.22937370836734772,0.6472722887992859,0.574591875076294,0.488462895154953,0.6455081701278687,0.8392887115478516,0.22620709240436554,0.6482835412025452,0.5091466903686523,0.4302665591239929,0.6746898889541626,0.8098809719085693,-0.7061553597450256,0.22550928592681885,-14.594276428222656,-12.977783203125,6.507523536682129,-6.557926177978516
minimal-test-000047,2.708120107650757,0.3982473153729757,0.1800909787416458,0.17000998556613922,0.22545500099658966,0.5888247489929199,0.6211953163146973,0.27059608697891235,0.16403277218341827,0.16889122128486633,0.2069399505853653,0.5576085448265076,0.6221051216125488,0.2756422758102417,-3.580980062484741,-0.24948443472385406,-4.128856182098389,-6.9612135887146,0.20288658142089844,1.1253001689910889
minimal-test-000048,7.18341064453125,0.12619269684941398,0.17893260717391968,0.6068787574768066,0.5757735967636108,0.6690331697463989,0.6231213808059692,0.8352766036987305,0.18774370849132538,0.5874161720275879,0.5341813564300537,0.5981164574623108,0.6484543681144714,0.808116614818573,1.96487557888031,-4.340156555175781,-9.275069236755371,-15.81442642211914,5.649256229400635,-6.056677341461182
minimal-test-000049,5.445058822631836,0.32923223728648565,0.30082669854164124,0.8068011403083801,0.19009411334991455,0.49668097496032715,0.7172876000404358,0.6673151850700378,0.3034255802631378,0.7907140851020813,0.15460173785686493,0.4360443949699402,0.7249634861946106,0.6433021426200867,0.5795506238937378,-3.5874133110046387,-7.914799690246582,-13.521957397460938,1.7117226123809814,-5.354908466339111
minimal-test-000050,7.107927322387695,0.22587895533924135,0.18870605528354645,0.46555545926094055,0.7482803463935852,0.48769333958625793,0.8408018946647644,0.7843524813652039,0.17602014541625977,0.48327386379241943,0.6789669990539551,0.4332253336906433,0.8530771136283875,0.7595686912536621,-2.8289577960968018,3.951204299926758,-15.456876754760742,-12.14636516571045,2.7373738288879395,-5.526785373687744
minimal-test-000051,3.814239740371704,0.1633814410117048,0.3510189354419708,0.3610714077949524,0.6290948987007141,0.46239474415779114,0.8038707971572876,0.25246360898017883,0.34515923261642456,0.36804404854774475,0.5925068259239197,0.4288251996040344,0.8182763457298279,0.24723383784294128,-1.3067137002944946,1.5548988580703735,-8.159140586853027,-7.486008644104004,3.212437391281128,-1.1662390232086182
minimal-test-000052,2.8961880207061768,0.22492155923819407,0.24104362726211548,0.1677454113960266,0.32739970088005066,0.46318361163139343,0.8489047288894653,0.4742407500743866,0.2340746819972992,0.15921422839164734,0.3392381966114044,0.43424999713897705,0.8581156730651855,0.46179959177970886,-1.554074764251709,-1.9024537801742554,2.639984607696533,-6.45219612121582,2.0540404319763184,-2.7743782997131348
minimal-test-000053,10.69077205657959,0.09112822502565382,0.1978154480457306,0.7939534783363342,0.2762402296066284,0.5822756290435791,0.8178823590278625,0.15494762361049652,0.18808209896087646,0.815830647945404,0.3384303152561188,0.4073117673397064,0.8200864791870117,0.13827213644981384,-2.170536756515503,4.878608703613281,13.868389129638672,-39.01694107055664,0.4915187954902649,-3.7186336517333984
minimal-test-000054,5.73714542388916,0.25720428097947484,0.21426664292812347,0.7085272669792175,0.4210736155509949,0.4744976758956909,0.6133289337158203,0.756875216960907,0.21008187532424927,0.6883846521377563,0.3914366662502289,0.42195746302604675,0.6345479488372803,0.7302361130714417,-0.9332031607627869,-4.491803169250488,-6.609039783477783,-11.71646785736084,4.731840133666992,-5.940520286560059
minimal-test-000055,6.477372169494629,0.23917242216023235,0.374007910490036,0.7911261916160583,0.38640549778938293,0.5194212198257446,0.8103922009468079,0.5799499750137329,0.37867847084999084,0.7775607109069824,0.301933616399765,0.4892200529575348,0.8254040479660034,0.5535918474197388,1.0415349006652832,-3.025102138519287,-18.837228775024414,-6.734860420227051,3.347641944885254,-5.877862453460693
minimal-test-000056,3.09877872467041,0.18143632083803318,0.28771835565567017,0.6364313960075378,0.6022888422012329,0.5162765383720398,0.7975963950157166,0.7419977784156799,0.28314104676246643,0.632960855960846,0.6001805663108826,0.4785732924938202,0.8077845573425293,0.7166700959205627,-1.0207399129867554,-0.7739304304122925,-0.4701455235481262,-8.40782356262207,2.2719602584838867,-5.648073196411133
minimal-test-000057,3.5680642127990723,0.24282092229694777,0.19196926057338715,0.2839498519897461,0.1960601657629013,0.5274312496185303,0.569902241230011,0.2489439696073532,0.19667038321495056,0.29373303055763245,0.1718425154685974,0.49683675169944763,0.5843608975410461,0.26119059324264526,1.0483503341674805,2.1816487312316895,-5.400536060333252,-6.822573184967041,3.22428035736084,2.730997085571289
minimal-test-000058,9.31591510772705,0.084529505968379,0.15512977540493011,0.36481815576553345,0.7686274647712708,0.6636444926261902,0.8275377750396729,0.8029143810272217,0.16195079684257507,0.36595797538757324,0.645824670791626,0.5611274838447571,0.8409371376037598,0.798941969871521,1.5210877656936646,0.25417977571487427,-27.38502311706543,-22.86129379272461,2.988057851791382,-0.8858476877212524
minimal-test-000059,6.334153175354004,0.1878575267309309,0.40967369079589844,0.7496740818023682,0.820646345615387,0.6541492342948914,0.8346278071403503,0.399073988199234,0.38479265570640564,0.734407365322113,0.7642058730125427,0.597977340221405,0.8309221267700195,0.3851141333580017,-5.548470973968506,-3.404477834701538,-12.586225509643555,-12.52633285522461,-0.8263667225837708,-3.1130475997924805
minimal-test-000060,8.459632873535156,0.13065989009801734,0.3752743601799011,0.8077185750007629,0.2052975594997406,0.8248178958892822,0.7371224761009216,0.2785283029079437,0.36323103308677673,0.8159412741661072,0.2140468806028366,0.6720666289329529,0.7610910534858704,0.25665006041526794,-2.685662031173706,1.8336619138717651,1.9510985612869263,-34.063533782958984,5.344992637634277,-4.878848075866699
minimal-test-000061,4.919327259063721,0.34053014609044757,0.1813705712556839,0.50291508436203,0.47596096992492676,0.8474702835083008,0.5875237584114075,0.5084213018417358,0.18415702879428864,0.5070825815200806,0.4362892210483551,0.7898017764091492,0.6145009994506836,0.5073341727256775,0.6213800311088562,0.9293518662452698,-8.846799850463867,-12.860076904296875,6.01592493057251,-0.24242979288101196
minimal-test-000062,8.783802032470703,0.13914701183987307,0.19360113143920898,0.2706288695335388,0.7272276878356934,0.5362587571144104,0.7647227644920349,0.7492237091064453,0.19860698282718658,0.2651135325431824,0.6318429112434387,0.4399411678314209,0.7867420315742493,0.7371310591697693,1.116304874420166,-1.2299201488494873,-21.27080535888672,-21.478822708129883,4.910296440124512,-2.6966609954833984
minimal-test-000063,2.9628376960754395,0.13692993748831137,0.17923596501350403,0.3838808536529541,0.5855017304420471,0.22755222022533417,0.6048235297203064,0.3637204170227051,0.1803075522184372,0.3941103219985962,0.5618160367012024,0.21662160754203796,0.6288495659828186,0.3539462089538574,0.23896394670009613,2.2811713218688965,-5.281909942626953,-2.4375267028808594,5.357806205749512,-2.1796483993530273
minimal-test-000064,4.381012439727783,0.22589231624726136,0.18632835149765015,0.7220394015312195,0.561385989189148,0.3345325291156769,0.5923050045967102,0.5648007392883301,0.19012147188186646,0.708595335483551,0.5576763153076172,0.27002424001693726,0.6082352995872498,0.5483114123344421,0.8458658456802368,-2.9980268478393555,-0.8272572755813599,-14.385348320007324,3.5524559020996094,-3.6771199703216553
minimal-test-000065,4.071824550628662,0.4209352883280639,0.3433977961540222,0.21455825865268707,0.13150686025619507,0.6228465437889099,0.8092645406723022,0.24424076080322266,0.3203560411930084,0.2085946500301361,0.1124628335237503,0.5832774043083191,0.8138266205787659,0.22686554491519928,-5.138311386108398,-1.3298847675323486,-4.2468180656433105,-8.823918342590332,1.0173437595367432,-3.8746731281280518
minimal-test-000066,5.745629787445068,0.188306308750437,0.3827519118785858,0.7159205675125122,0.47242456674575806,0.5016083121299744,0.802608847618103,0.6178774237632751,0.3726370632648468,0.6945709586143494,0.4173491299152374,0.4563654661178589,0.8030177354812622,0.5954781174659729,-2.2556111812591553,-4.760962963104248,-12.281822204589844,-10.089154243469238,0.09118199348449707,-4.995045185089111
minimal-test-000067,4.179630756378174,0.45085809236217766,0.45188108086586,0.746199905872345,0.3434005379676819,0.2812483608722687,0.8061136603355408,0.5219013094902039,0.4561821520328522,0.7658191323280334,0.3008210361003876,0.2490486055612564,0.8089657425880432,0.5109965205192566,0.9591388702392578,4.375087738037109,-9.49522876739502,-7.180545330047607,0.6360143423080444,-2.4317679405212402
minimal-test-000068,2.2113046646118164,0.2842157422832606,0.2223668396472931,0.16439758241176605,0.6151586771011353,0.44742655754089355,0.6712973117828369,0.16303971409797668,0.22192613780498505,0.16000713407993317,0.5958822965621948,0.41926801204681396,0.6737188100814819,0.15823030471801758,-0.09827651083469391,-0.9790699481964111,-4.298632621765137,-6.279355525970459,0.5399941205978394,-1.0724983215332031
minimal-test-000069,2.212151288986206,0.10471956237111128,0.16825979948043823,0.33031487464904785,0.5849573612213135,0.6187257170677185,0.5901678204536438,0.5073473453521729,0.17133113741874695,0.3271540105342865,0.569920539855957,0.5992748141288757,0.6076944470405579,0.5060741305351257,0.684908390045166,-0.704872727394104,-3.3532111644744873,-4.337551116943359,3.908437728881836,-0.28392690420150757
minimal-test-000070,4.034488677978516,0.10780346566265266,0.22255301475524902,0.5593314170837402,0.576327919960022,0.4494571387767792,0.5822961330413818,0.3151063621044159,0.22073939442634583,0.5584765672683716,0.5315998792648315,0.411641925573349,0.591727614402771,0.3011983036994934,-0.4044373333454132,-0.19063150882720947,-9.974352836608887,-8.432792663574219,2.1032204627990723,-3.101496934890747
minimal-test-000071,3.6984848976135254,0.5684862743473437,0.2840099334716797,0.1805359423160553,0.22262787818908691,0.7612890005111694,0.6598385572433472,0.31188660860061646,0.279664009809494,0.17649397253990173,0.18841136991977692,0.7246350049972534,0.6725408434867859,0.3043364882469177,-0.9691410064697266,-0.9013592600822449,-7.630281448364258,-8.17384147644043,2.8326098918914795,-1.683676838874817
minimal-test-000072,3.513806104660034,0.5354625292468671,0.23017291724681854,0.40124061703681946,0.8165261745452881,0.7192750573158264,0.6769554018974304,0.19369332492351532,0.2317584753036499,0.39214056730270386,0.8117892742156982,0.6760151386260986,0.6839520335197449,0.1648305207490921,0.35357946157455444,-2.029311180114746,-1.0563287734985352,-9.64696216583252,1.560248851776123,-6.436405181884766
minimal-test-000073,4.352170467376709,0.2967643634122715,0.22544656693935394,0.7173675298690796,0.19127723574638367,0.3672141432762146,0.7037000060081482,0.34291067719459534,0.22447967529296875,0.7192156314849854,0.13980092108249664,0.3210759162902832,0.7037358283996582,0.3262772858142853,-0.215616837143898,0.41212666034698486,-11.479218482971191,-10.288825035095215,0.007988393306732178,-3.7092461585998535
minimal-test-000074,5.518281936645508,0.6048613609077391,0.16251049935817719,0.7453838586807251,0.772923469543457,0.11196078360080719,0.5614333152770996,0.7271314859390259,0.16924548149108887,0.7474502921104431,0.7409690618515015,0.08147066831588745,0.5751879811286926,0.6636581420898438,1.5019010305404663,0.4608146548271179,-7.125833034515381,-6.799295902252197,3.0672905445098877,-14.154555320739746
minimal-test-000075,5.046182155609131,0.1798815047415379,0.2697528898715973,0.4223725199699402,0.40071141719818115,0.2601225674152374,0.7116954922676086,0.4886646866798401,0.27146202325820923,0.4212867021560669,0.3421316146850586,0.19893741607666016,0.7162200808525085,0.47997745871543884,0.3811367452144623,-0.2421373724937439,-13.0632963180542,-13.644289016723633,1.0089832544326782,-1.9372518062591553
minimal-test-000076,4.3945536613464355,0.2123839165185559,0.3042624294757843,0.7242538928985596,0.5728939771652222,0.18681496381759644,0.8173648118972778,0.2500784695148468,0.30187472701072693,0.7340767979621887,0.5169816017150879,0.17648667097091675,0.8287366032600403,0.22166241705417633,-0.5324576497077942,2.1905078887939453,-12.468460083007812,-2.3032093048095703,2.535909414291382,-6.336779594421387
minimal-test-000077,4.172818660736084,0.45729515226516104,0.260579377412796,0.5202042460441589,0.6450588703155518,0.1849309355020523,0.8165848851203918,0.7516866326332092,0.2656053602695465,0.5168134570121765,0.623833417892456,0.13581672310829163,0.8351747393608093,0.7367597818374634,1.1207941770553589,-0.7561459541320801,-4.733275890350342,-10.952469825744629,4.145537376403809,-3.3286876678466797
minimal-test-000078,4.09712553024292,0.08232543151098089,0.42658013105392456,0.3530952036380768,0.582531213760376,0.4891340732574463,0.7863056659698486,0.4676046073436737,0.4059276282787323,0.344773530960083,0.5422421097755432,0.4545188844203949,0.7842265367507935,0.4718835651874542,-4.605508327484131,-1.855733036994934,-8.98447036743164,-7.719187259674072,-0.4636458158493042,0.9542075991630554
minimal-test-000079,5.313587665557861,0.5140357761090963,0.33978718519210815,0.3717019259929657,0.6587717533111572,0.8549404740333557,0.7632105946540833,0.3270353674888611,0.33747509121894836,0.3508743941783905,0.6350253224372864,0.8045029044151306,0.7769314050674438,0.29511332511901855,-0.5155969858169556,-4.644539833068848,-5.295454025268555,-11.247577667236328,3.0597407817840576,-7.118615627288818
minimal-test-000080,9.152159690856934,0.24804267053611992,0.3903751075267792,0.2353678047657013,0.33408355712890625,0.5928060412406921,0.8093404173851013,0.8489747643470764,0.37409088015556335,0.2593134343624115,0.29585301876068115,0.4886142611503601,0.811918318271637,0.7879583835601807,-3.631382703781128,5.339875221252441,-8.525409698486328,-23.23476791381836,0.5748718976974487,-13.606653213500977
minimal-test-000081,4.342439651489258,0.3529538034005182,0.44400736689567566,0.6433672308921814,0.3054240942001343,0.2905051112174988,0.8274068236351013,0.28776371479034424,0.45087042450904846,0.6470289826393127,0.25369057059288025,0.2552725076675415,0.8439856767654419,0.28499656915664673,1.5304617881774902,0.8165706396102905,-11.536575317382812,-7.856870651245117,3.6970841884613037,-0.6170734763145447
minimal-test-000082,5.459041118621826,0.15330589663911834,0.31669881939888,0.7795345783233643,0.6597894430160522,0.5929112434387207,0.7271409034729004,0.7405040264129639,0.3041442930698395,0.7709283828735352,0.6241859793663025,0.550075113773346,0.7411186695098877,0.7072020769119263,-2.799659252166748,-1.9191815853118896,-7.939572334289551,-9.552456855773926,3.117041826248169,-7.426334857940674
minimal-test-000083,4.907651424407959,0.3002910062850439,0.24700459837913513,0.7179051637649536,0.6141582727432251,0.2580012083053589,0.6483504772186279,0.5661188364028931,0.24446532130241394,0.6986149549484253,0.5883296728134155,0.20529377460479736,0.6556335091590881,0.5417229533195496,-0.5662587881088257,-4.3017168045043945,-5.759778022766113,-11.75375747680664,1.6241161823272705,-5.440281867980957
minimal-test-000084,3.3603620529174805,0.30618893346790843,0.33281365036964417,0.4041946232318878,0.6743753552436829,0.5943906307220459,0.7688779234886169,0.2240738719701767,0.33830124139785767,0.39849716424942017,0.6521007418632507,0.5672010183334351,0.7872529625892639,0.21268485486507416,1.223732829093933,-1.2705333232879639,-4.967238903045654,-6.063283443450928,4.0976338386535645,-2.539750814437866
minimal-test-000085,5.778282165527344,0.11796083073921311,0.3210003674030304,0.8287733793258667,0.4757314920425415,0.5520569086074829,0.7950259447097778,0.44568026065826416,0.31858813762664795,0.813014030456543,0.42778441309928894,0.4932166635990143,0.8163487911224365,0.43649253249168396,-0.5379272699356079,-3.5143346786499023,-10.692198753356934,-13.12137508392334,4.754994869232178,-2.048863410949707
minimal-test-000086,5.3940229415893555,0.28966873241518637,0.2743900716304779,0.682793915271759,0.3560435175895691,0.29051944613456726,0.7726340293884277,0.3721335828304291,0.281748503446579,0.6722670197486877,0.2958966791629791,0.24267038702964783,0.7812547087669373,0.36150482296943665,1.6409302949905396,-2.3474977016448975,-13.412744522094727,-10.670340538024902,1.9224114418029785,-2.370213508605957
minimal-test-000087,4.143781661987305,0.20050846101157485,0.16952289640903473,0.7669360637664795,0.5916197299957275,0.7107378840446472,0.8264798521995544,0.2953015863895416,0.17573876678943634,0.7680777907371521,0.612260103225708,0.6385587453842163,0.8287939429283142,0.2863008975982666,1.386139154434204,0.25460511445999146,4.6028032302856445,-16.095947265625,0.5160422325134277,-2.0071535110473633
minimal-test-000088,3.175595760345459,0.12048975979565278,0.290230393409729,0.40992382168769836,0.35492169857025146,0.28120672702789307,0.7785694599151611,0.35380396246910095,0.2884899973869324,0.4075285792350769,0.32397809624671936,0.24211329221725464,0.7839736938476562,0.3479388356208801,-0.3881083130836487,-0.5341390371322632,-6.900423526763916,-8.717836380004883,1.2051441669464111,-1.3079233169555664
minimal-test-000089,4.110495090484619,0.19784543060464763,0.4092317521572113,0.42263925075531006,0.3291471600532532,0.15838897228240967,0.7764124870300293,0.612738311290741,0.40665486454963684,0.42333725094795227,0.29555484652519226,0.11935444176197052,0.7943168878555298,0.5959481596946716,-0.5746459364891052,0.15565404295921326,-7.491086006164551,-8.704700469970703,3.9926815032958984,-3.744203805923462
minimal-test-000090,5.699808597564697,0.4955011227093203,0.30649346113204956,0.24265478551387787,0.5982744693756104,0.7969511151313782,0.8122395873069763,0.331432968378067,0.29633304476737976,0.21700608730316162,0.5532101392745972,0.7525717616081238,0.8232263922691345,0.31431448459625244,-2.265772819519043,-5.719659805297852,-10.049345970153809,-9.89659595489502,2.4500575065612793,-3.8174219131469727
minimal-test-000091,5.598843574523926,0.23154343470139413,0.17124329507350922,0.17790301144123077,0.5964218378067017,0.22148117423057556,0.8327372074127197,0.7069934606552124,0.17437352240085602,0.15326395630836487,0.6383857727050781,0.1885538250207901,0.8478209972381592,0.6740962862968445,0.6980407238006592,-5.494509220123291,9.35795783996582,-7.342798709869385,3.363685131072998,-7.3360700607299805
minimal-test-000092,4.9030537605285645,0.189649508487561,0.45005595684051514,0.8062833547592163,0.241483673453331,0.7725786566734314,0.8428865671157837,0.25210902094841003,0.43962082266807556,0.8028181195259094,0.18776778876781464,0.7401297688484192,0.8630775213241577,0.2404443919658661,-2.3270349502563477,-0.7727474570274353,-11.978642463684082,-7.236102104187012,4.502582550048828,-2.6012122631073
minimal-test-000093,4.7480010986328125,0.1299827010276544,0.42276644706726074,0.2559145987033844,0.6887009739875793,0.37202638387680054,0.8098257184028625,0.7204552292823792,0.39998921751976013,0.26886194944381714,0.6984527111053467,0.4152270555496216,0.8186354637145996,0.6901930570602417,-5.079322338104248,2.8872592449188232,2.1746373176574707,9.633749961853027,1.9645731449127197,-6.748464584350586
minimal-test-000094,2.01375412940979,0.2881097457356898,0.17080627381801605,0.22768853604793549,0.47264713048934937,0.13832345604896545,0.5692722797393799,0.6983310580253601,0.16278448700904846,0.22969183325767517,0.4574941396713257,0.12975531816482544,0.553751528263092,0.6934162974357605,-1.788858413696289,0.4467352628707886,-3.379117012023926,-1.9106947183609009,-3.461127519607544,-1.095991611480713
minimal-test-000095,9.770520210266113,0.1075890229611152,0.2618885934352875,0.8489891290664673,0.511310338973999,0.6420955657958984,0.6176891922950745,0.2552950382232666,0.26298829913139343,0.8093001842498779,0.513176441192627,0.4461685121059418,0.637446403503418,0.2598399817943573,0.24523437023162842,-8.850634574890137,0.4161407947540283,-43.691734313964844,4.405858039855957,1.0135223865509033
minimal-test-000096,6.344717025756836,0.4427872593717812,0.40889325737953186,0.6282090544700623,0.8177199959754944,0.34010112285614014,0.7674763798713684,0.8118433356285095,0.40106990933418274,0.6205324530601501,0.7639216184616089,0.2847547233104706,0.787932813167572,0.7862346172332764,-1.744606614112854,-1.7118821144104004,-11.997037887573242,-12.342247009277344,4.561784744262695,-5.710744380950928
minimal-test-000097,5.217918395996094,0.15590761926770208,0.25864800810813904,0.5311664938926697,0.5792388319969177,0.763535737991333,0.8128507733345032,0.6565351486206055,0.27168962359428406,0.5274868607521057,0.5228853821754456,0.7165440320968628,0.8291932940483093,0.6525516510009766,2.908280372619629,-0.8205581903457642,-12.566819190979004,-10.479150772094727,3.6443819999694824,-0.8883199691772461
minimal-test-000098,5.371242046356201,0.18539496952598086,0.24259725213050842,0.4038951098918915,0.6580472588539124,0.12602122128009796,0.8435903787612915,0.2761097550392151,0.23806145787239075,0.40929773449897766,0.5906304717063904,0.08158262073993683,0.848510205745697,0.2583056688308716,-1.0114821195602417,1.2047853469848633,-15.033943176269531,-9.909808158874512,1.0971214771270752,-3.970311164855957
minimal-test-000099,3.920315980911255,0.4928164912490882,0.1666264533996582,0.5736740827560425,0.759842038154602,0.868636429309845,0.7198466658592224,0.3543637990951538,0.166753351688385,0.5657033920288086,0.7368236780166626,0.8269488215446472,0.7285009026527405,0.33034223318099976,0.02829831838607788,-1.7774640321731567,-5.133094310760498,-9.29633617401123,1.9298948049545288,-5.356809139251709
minimal-test-000100,3.8747100830078125,0.4192695744326365,0.3649536371231079,0.35359787940979004,0.7108569145202637,0.10468259453773499,0.7945647239685059,0.7677087187767029,0.38639959692955017,0.34969356656074524,0.7091346383094788,0.07869853079319,0.8210633397102356,0.7430116534233093,4.782449245452881,-0.870661735534668,-0.3840675950050354,-5.794445991516113,5.909191131591797,-5.507445335388184
minimal-test-000101,6.601254463195801,0.37977718025237156,0.44204452633857727,0.2314417064189911,0.8704721331596375,0.8462553024291992,0.8211190104484558,0.4056260585784912,0.4174852669239044,0.21384291350841522,0.8414053320884705,0.7545474171638489,0.8298423886299133,0.41158217191696167,-5.476715087890625,-3.9245307445526123,-6.48189640045166,-20.45085906982422,1.9453133344650269,1.3282132148742676
minimal-test-000102,5.475187301635742,0.32414102530587724,0.329409658908844,0.6602392792701721,0.43840545415878296,0.35485535860061646,0.7631031274795532,0.8279522657394409,0.3373737931251526,0.6526399254798889,0.3927672505378723,0.303881973028183,0.7844808101654053,0.8141905665397644,1.7760019302368164,-1.6946558952331543,-10.177319526672363,-11.3670654296875,4.767223358154297,-3.0688588619232178
minimal-test-000103,4.180923938751221,0.3869701056481712,0.20514830946922302,0.5862032771110535,0.7825979590415955,0.28424564003944397,0.8374565839767456,0.6843680739402771,0.20158745348453522,0.5992611646652222,0.7470871806144714,0.2502119541168213,0.8547567129135132,0.6753401756286621,-0.7940708994865417,2.9119088649749756,-7.918903350830078,-7.589511871337891,3.85792875289917,-2.013221263885498
minimal-test-000104,7.759923934936523,0.5997486523435671,0.4647552967071533,0.1545875072479248,0.21711531281471252,0.797747015953064,0.8396710157394409,0.6105903387069702,0.4367924630641937,0.19729949533939362,0.2156497985124588,0.7329940795898438,0.856699526309967,0.5557249188423157,-6.235712051391602,9.524773597717285,-0.32680970430374146,-14.439905166625977,3.7973577976226807,-12.23498821258545
minimal-test-000105,3.5015268325805664,0.39709944360646726,0.3379039764404297,0.2658146321773529,0.31027504801750183,0.7408772110939026,0.7143996357917786,0.547130286693573,0.34378865361213684,0.2541489899158478,0.293180912733078,0.7075946927070618,0.7174255847930908,0.5238717198371887,1.3122830390930176,-2.601438283920288,-3.8119921684265137,-7.422001838684082,0.6747866272926331,-5.186660289764404
minimal-test-000106,4.113734722137451,0.13502100270244238,0.23172405362129211,0.2697964012622833,0.5859971046447754,0.8095957636833191,0.6477092504501343,0.6807631850242615,0.22527852654457092,0.2599197328090668,0.5723692178726196,0.7635122537612915,0.6653662919998169,0.6637703776359558,-1.4373525381088257,-2.2024970054626465,-3.0390186309814453,-10.276622772216797,3.9375202655792236,-3.789396047592163
minimal-test-000107,6.898898124694824,0.12429259463560391,0.2703283727169037,0.44907185435295105,0.41848549246788025,0.7354148030281067,0.7363879680633545,0.8396760821342468,0.26777201890945435,0.41900625824928284,0.3866972029209137,0.6578893661499023,0.7442455887794495,0.8038488030433655,-0.5700669288635254,-6.704627990722656,-7.0887885093688965,-17.288171768188477,1.7522494792938232,-7.98948335647583
minimal-test-000108,6.306276321411133,0.27883732634205627,0.33630797266960144,0.5320894718170166,0.8381760716438293,0.5103199481964111,0.8288561105728149,0.8307662606239319,0.32535216212272644,0.5425847768783569,0.7834229469299316,0.45815521478652954,0.8464533686637878,0.8070569038391113,-2.443145751953125,2.3404531478881836,-12.209946632385254,-11.632735252380371,3.9241886138916016,-5.287186622619629
minimal-test-000109,4.944843292236328,0.332510765223,0.31047773361206055,0.23646044731140137,0.3300531506538391,0.5721057057380676,0.7720726132392883,0.27827224135398865,0.2950456142425537,0.23140236735343933,0.29213371872901917,0.511530876159668,0.7694469690322876,0.2668372392654419,-3.4413626194000244,-1.1279518604278564,-8.456033706665039,-13.508187294006348,-0.5855186581611633,-2.5500054359436035
minimal-test-000110,6.885972023010254,0.3912986611363006,0.162778839468956,0.8258695006370544,0.10707494616508484,0.22369465231895447,0.6358266472816467,0.1511450856924057,0.12180931866168976,0.7491270303726196,0.08834755420684814,0.19974899291992188,0.6149320006370544,0.14715197682380676,-9.136202812194824,-17.113571166992188,-4.17620849609375,-5.339881896972656,-4.659506320953369,-0.8904632925987244
minimal-test-000111,3.145258665084839,0.37309194287804637,0.2625297009944916,0.21615666151046753,0.29693248867988586,0.6079849600791931,0.6276980638504028,0.3034510910511017,0.24506798386573792,0.22711263597011566,0.2839994430541992,0.5735602974891663,0.6357235312461853,0.3042760193347931,-3.893962860107422,2.4431822299957275,-2.8840692043304443,-7.676699638366699,1.7896792888641357,0.1839590072631836
minimal-test-000112,5.073408603668213,0.09368651495167926,0.3753335177898407,0.45764410495758057,0.8434621095657349,0.7713013291358948,0.7490530014038086,0.6260126829147339,0.3712078630924225,0.45611223578453064,0.810208261013031,0.7227667570114136,0.7609745264053345,0.5888758897781372,-0.9200209975242615,-0.34160682559013367,-7.4156084060668945,-10.823209762573242,2.6585001945495605,-8.28150463104248
minimal-test-000113,6.352834701538086,0.3065078999685112,0.16849006712436676,0.47824227809906006,0.3489040732383728,0.7327386140823364,0.7271609902381897,0.22237250208854675,0.16655638813972473,0.4603344798088074,0.28933706879615784,0.6876210570335388,0.7391773462295532,0.1879866123199463,-0.43121039867401123,-3.993438959121704,-13.283441543579102,-10.0612154006958,2.679647445678711,-7.66805362701416
minimal-test-000114,7.997518062591553,0.15258722131015162,0.4543409049510956,0.18182536959648132,0.6744949817657471,0.6678828001022339,0.816491961479187,0.5986675024032593,0.43811872601509094,0.17401382327079773,0.5982409715652466,0.6023392677307129,0.8367281556129456,0.5695551037788391,-3.6175458431243896,-1.7419748306274414,-17.0046443939209,-14.61620807647705,4.51267147064209,-6.492064952850342
minimal-test-000115,1.9841786623001099,0.10851352278238438,0.33556756377220154,0.4793105125427246,0.524291455745697,0.37268969416618347,0.8452419638633728,0.48443683981895447,0.3346777558326721,0.47394078969955444,0.515815019607544,0.3415226638317108,0.8451541662216187,0.47704166173934937,-0.19842717051506042,-1.1974482536315918,-1.8902451992034912,-6.950247764587402,-0.019578874111175537,-1.6491247415542603
minimal-test-000116,4.464127540588379,0.2803813262533833,0.2502365708351135,0.36713194847106934,0.5587469339370728,0.20236903429031372,0.6520693898200989,0.5560840964317322,0.2516809105873108,0.37255874276161194,0.5277312994003296,0.15334179997444153,0.6639518141746521,0.5347694754600525,0.32208776473999023,1.2101751565933228,-6.916486740112305,-10.933073043823242,2.649780750274658,-4.75316047668457
minimal-test-000117,4.025173187255859,0.4464316126173939,0.15468136966228485,0.50907963514328,0.7383289337158203,0.3390507996082306,0.7154733538627625,0.8461997509002686,0.1445445865392685,0.5153983235359192,0.703565239906311,0.30065515637397766,0.7199561595916748,0.831996738910675,-2.260502576828003,1.4090675115585327,-7.752303600311279,-8.562228202819824,0.9996656775474548,-3.167271614074707
minimal-test-000118,4.323734283447266,0.5109118474051436,0.33692002296447754,0.16164344549179077,0.35041543841362,0.7123929262161255,0.7865718603134155,0.3303435444831848,0.3461570143699646,0.1560627818107605,0.3221941888332367,0.6708718538284302,0.8015724420547485,0.31357043981552124,2.0598490238189697,-1.244488000869751,-6.293338775634766,-9.259199142456055,3.3451297283172607,-3.7404022216796875
minimal-test-000119,6.071741580963135,0.4363577664001777,0.1646880954504013,0.33528563380241394,0.3189091384410858,0.7465599179267883,0.8188199400901794,0.1723218411207199,0.1541506052017212,0.3151777684688568,0.29267168045043945,0.6733346581459045,0.8280899524688721,0.14833468198776245,-2.349860429763794,-4.484054088592529,-5.850953102111816,-16.329233169555664,2.0672128200531006,-5.3491363525390625
minimal-test-000120,2.2220959663391113,0.11779411678763937,0.2070881873369217,0.434011846780777,0.32524868845939636,0.5548804998397827,0.7156683206558228,0.44707781076431274,0.2013336569070816,0.44093695282936096,0.34717974066734314,0.5390487909317017,0.7216958403587341,0.44376039505004883,-1.2832603454589844,1.5442986488342285,4.890624523162842,-3.530471086502075,1.3441369533538818,-0.7397837042808533
minimal-test-000121,4.999719142913818,0.1854754467892113,0.1863933801651001,0.8486825823783875,0.2876228392124176,0.5325795412063599,0.6604215502738953,0.47472330927848816,0.18725942075252533,0.822584331035614,0.273661732673645,0.4734998345375061,0.6739482283592224,0.45373350381851196,0.19312705099582672,-5.819910049438477,-3.1133267879486084,-13.174774169921875,3.016449213027954,-4.680726528167725
minimal-test-000122,3.024092674255371,0.20472262730338994,0.23987749218940735,0.5713159441947937,0.14273443818092346,0.327403724193573,0.8242687582969666,0.7504876852035522,0.22540448606014252,0.560853898525238,0.1610506772994995,0.3067266345024109,0.829412043094635,0.7381936311721802,-3.227480411529541,-2.333036184310913,4.084521293640137,-4.61099100112915,1.146952509880066,-2.7415740489959717
minimal-test-000123,4.666042327880859,0.18310936306902106,0.21696817874908447,0.6435802578926086,0.20062808692455292,0.422982394695282,0.706418514251709,0.2561512589454651,0.21209239959716797,0.6574691534042358,0.17078809440135956,0.3694215416908264,0.7007060050964355,0.23848554491996765,-1.0872987508773804,3.0972237586975098,-6.654318332672119,-11.944069862365723,-1.2738895416259766,-3.9394543170928955
minimal-test-000124,4.533584117889404,0.22046850522712405,0.17105790972709656,0.7485123872756958,0.7507651448249817,0.7461506724357605,0.7199138402938843,0.5202017426490784,0.16415424644947052,0.7479902505874634,0.7144030332565308,0.6876212358474731,0.7315434217453003,0.5282346606254578,-1.5395169258117676,-0.11643648147583008,-8.10875129699707,-13.052063941955566,2.5933966636657715,1.791340708732605
minimal-test-000125,4.260724067687988,0.3469270401798649,0.23942992091178894,0.8024926781654358,0.7173218131065369,0.1818341165781021,0.773124098777771,0.540851891040802,0.23875775933265686,0.811651349067688,0.6857287883758545,0.15384986996650696,0.7848427295684814,0.5073403120040894,-0.14989203214645386,2.0423836708068848,-7.0452446937561035,-6.240487098693848,2.6132545471191406,-7.473082065582275
minimal-test-000126,4.284330368041992,0.20779643164173672,0.17644090950489044,0.6715536117553711,0.2561127543449402,0.47664567828178406,0.8128229379653931,0.8177171349525452,0.17518369853496552,0.6758987903594971,0.20428313314914703,0.43491703271865845,0.8227381706237793,0.8115195631980896,-0.28035804629325867,0.9689748287200928,-11.558005332946777,-9.305487632751465,2.21109676361084,-1.3820585012435913
minimal-test-000127,4.43282413482666,0.19391413605796676,0.2439321130514145,0.8064929842948914,0.5610461235046387,0.4183841347694397,0.6918566823005676,0.568464457988739,0.22985169291496277,0.7974451780319214,0.5423203110694885,0.35402312874794006,0.6892604231834412,0.5580069422721863,-3.1399335861206055,-2.0176608562469482,-4.175856113433838,-14.35250473022461,-0.5789657831192017,-2.3320260047912598
minimal-test-000128,5.6761250495910645,0.10713182878851175,0.2006113976240158,0.3928152024745941,0.6756716966629028,0.4189397990703583,0.6576517224311829,0.31333380937576294,0.19201505184173584,0.3930132985115051,0.5906199216842651,0.3899100720882416,0.6721810698509216,0.2980182468891144,-1.9169851541519165,0.044175416231155396,-18.96654510498047,-6.473628997802734,3.240044593811035,-3.415370464324951
minimal-test-000129,3.6934850215911865,0.20046981752192047,0.1593521386384964,0.5758612751960754,0.6270859241485596,0.47054755687713623,0.6579169034957886,0.1946028620004654,0.16335764527320862,0.5703862905502319,0.5900944471359253,0.4406394958496094,0.6568426489830017,0.17268086969852448,0.8932279944419861,-1.220921516418457,-8.249099731445312,-6.669497489929199,-0.23955875635147095,-4.888604164123535
minimal-test-000130,7.4554595947265625,0.12447726199097776,0.23906941711902618,0.8035802841186523,0.6806138157844543,0.22399115562438965,0.7757583856582642,0.30551502108573914,0.23695680499076843,0.7943885922431946,0.5895971655845642,0.2702524662017822,0.786284327507019,0.2640278935432434,-0.4711124897003174,-2.0497472286224365,-20.29671287536621,10.316272735595703,2.347285032272339,-9.251629829406738
minimal-test-000131,2.2089226245880127,0.11061503194934755,0.28288817405700684,0.2259235382080078,0.6511750221252441,0.6533549427986145,0.672332227230072,0.5295851826667786,0.28106194734573364,0.22641590237617493,0.6479241251945496,0.6237987875938416,0.678431510925293,0.511377215385437,-0.4072485566139221,0.10979720950126648,-0.7249500155448914,-6.591022491455078,1.360140323638916,-4.0603766441345215
minimal-test-000132,5.352308750152588,0.439473137361004,0.15269924700260162,0.5827195644378662,0.8466213941574097,0.2389523833990097,0.7092114686965942,0.6631343960762024,0.14755389094352722,0.5714054703712463,0.7876119613647461,0.20682764053344727,0.7239888906478882,0.6414971351623535,-1.1474144458770752,-2.523042917251587,-13.159103393554688,-7.163817882537842,3.29536509513855,-4.825109004974365
minimal-test-000133,3.5919811725616455,0.14528600445040626,0.1753941923379898,0.3925122320652008,0.46345216035842896,0.25323277711868286,0.6528655290603638,0.4025213122367859,0.17054402828216553,0.40502336621284485,0.4240753948688507,0.21921364963054657,0.6559862494468689,0.39975398778915405,-1.0815865993499756,2.789982795715332,-8.781018257141113,-7.586265563964844,0.6959206461906433,-0.6171133518218994
minimal-test-000134,6.435766220092773,0.5350925744643283,0.2519337832927704,0.8046867847442627,0.12741072475910187,0.13360297679901123,0.6617927551269531,0.3350863456726074,0.21814684569835663,0.7526962757110596,0.0780843123793602,0.10823768377304077,0.6535084247589111,0.3394924998283386,-7.534487247467041,-11.593883514404297,-10.99979019165039,-5.656460285186768,-1.8474056720733643,0.9825723767280579
minimal-test-000135,4.746263027191162,0.1105675756743043,0.1709938645362854,0.25918424129486084,0.4231109023094177,0.2283867597579956,0.5551414489746094,0.39026713371276855,0.1901823878288269,0.2835143208503723,0.4548451602458954,0.21793776750564575,0.5847952961921692,0.4026135802268982,4.279040813446045,5.425607681274414,7.076739311218262,-2.330125331878662,6.612807750701904,2.7532575130462646
minimal-test-000136,5.847996234893799,0.4863047771677226,0.20660051703453064,0.3895327150821686,0.7237984538078308,0.8769664168357849,0.5724366903305054,0.39033043384552,0.21018265187740326,0.37630602717399597,0.6849721074104309,0.7997812628746033,0.5911920666694641,0.3845609426498413,0.7988160848617554,-2.9495513439178467,-8.658275604248047,-17.212289810180664,4.182448863983154,-1.2865965366363525
minimal-test-000137,3.2798595428466797,0.3284737341496935,0.1944447010755539,0.4078366160392761,0.5750043988227844,0.1758730262517929,0.7171446084976196,0.558843731880188,0.19251519441604614,0.4100068509578705,0.562484622001648,0.12524296343326569,0.726987898349762,0.5476892590522766,-0.4302799701690674,0.48396238684654236,-2.791910171508789,-11.290504455566406,2.1950535774230957,-2.487447500228882
minimal-test-000138,5.9121575355529785,0.581782291029739,0.20360404253005981,0.4261043667793274,0.7155641317367554,0.8535114526748657,0.5941480994224548,0.2771608233451843,0.2069677710533142,0.3883466124534607,0.6926381587982178,0.8008702397346497,0.5772948265075684,0.2516312599182129,0.75011146068573,-8.419979095458984,-5.112492084503174,-11.738990783691406,-3.758279800415039,-5.6930928230285645
minimal-test-000139,4.370059967041016,0.20610664743441443,0.1608886569738388,0.765175998210907,0.6853587031364441,0.7650054097175598,0.6502411961555481,0.5558562874794006,0.14541681110858917,0.767205536365509,0.669259250164032,0.6921067833900452,0.6542989611625671,0.548833429813385,-3.450221538543701,0.4525870084762573,-3.5901780128479004,-16.256393432617188,0.9048815965652466,-1.5660972595214844
minimal-test-000140,6.725531578063965,0.41931289317760134,0.3918866515159607,0.631599485874176,0.7525206804275513,0.8551985621452332,0.8036667704582214,0.15144696831703186,0.397196888923645,0.6149747967720032,0.713558554649353,0.7713813185691833,0.8327319025993347,0.15862354636192322,1.18418288230896,-3.707305669784546,-8.688553810119629,-18.691246032714844,6.481524467468262,1.600376844406128
minimal-test-000141,6.229381561279297,0.5424351825600878,0.25946807861328125,0.34351176023483276,0.8695434331893921,0.13179248571395874,0.7740380764007568,0.7455337047576904,0.2718021273612976,0.3488609194755554,0.8456026911735535,0.08672311156988144,0.8148183822631836,0.7054006457328796,2.750492811203003,1.1928625106811523,-5.338785648345947,-10.050470352172852,9.094008445739746,-8.949671745300293
minimal-test-000142,3.3478739261627197,0.12618731596298347,0.19909824430942535,0.21186350286006927,0.4622642993927002,0.5091924071311951,0.6850123405456543,0.4919314980506897,0.19533130526542664,0.21220432221889496,0.4166513979434967,0.48617926239967346,0.6952692270278931,0.4848448634147644,-0.840027391910553,0.07600271701812744,-10.171676635742188,-5.131931304931641,2.287285804748535,-1.5803195238113403
minimal-test-000143,4.973252296447754,0.471045231936376,0.2270483374595642,0.32416900992393494,0.48653528094291687,0.860898494720459,0.6651859283447266,0.4173043668270111,0.20049181580543518,0.3107662796974182,0.47619202733039856,0.806483805179596,0.6673442125320435,0.39037036895751953,-5.922104358673096,-2.9888088703155518,-2.3065454959869385,-12.134475708007812,0.4812973737716675,-6.00628137588501
minimal-test-000144,6.254660606384277,0.13050689650998637,0.3740560710430145,0.2708145081996918,0.49894896149635315,0.195941761136055,0.7888837456703186,0.5373875498771667,0.363337904214859,0.3017333745956421,0.45590731501579285,0.1414877325296402,0.8099439740180969,0.5292936563491821,-2.390151262283325,6.894906997680664,-9.598287582397461,-12.143248558044434,4.6964311599731445,-1.8049383163452148
minimal-test-000145,4.153573989868164,0.12159005425400496,0.3176405131816864,0.6664687991142273,0.7012984156608582,0.4461006224155426,0.7729604840278625,0.19786828756332397,0.31522896885871887,0.6720273494720459,0.6411222219467163,0.4150470495223999,0.7835054993629456,0.1998787671327591,-0.537774384021759,1.2395567893981934,-13.419291496276855,-6.9249467849731445,2.3515384197235107,0.44833695888519287
minimal-test-000146,5.7801008224487305,0.08392228446900407,0.34041735529899597,0.7527633905410767,0.4753972589969635,0.7988699078559875,0.8145195841789246,0.6061705350875854,0.3187353312969208,0.73659348487854,0.4533558189868927,0.7428167462348938,0.8161593079566956,0.568238377571106,-4.835091590881348,-3.605888843536377,-4.915241241455078,-12.499855041503906,0.36565840244293213,-8.458870887756348
minimal-test-000147,8.049270629882812,0.5437659554969336,0.20029117166996002,0.6932138800621033,0.840968668460846,0.8121553659439087,0.7000186443328857,0.1749306172132492,0.1956278532743454,0.6723222136497498,0.7914910316467285,0.7239986062049866,0.7211795449256897,0.20715264976024628,-1.0399199724197388,-4.658841609954834,-11.033513069152832,-19.65895652770996,4.718880653381348,7.185513496398926
minimal-test-000148,5.69301176071167,0.2942361779030877,0.26662421226501465,0.8101118206977844,0.38708004355430603,0.4881044328212738,0.7124654650688171,0.7263678312301636,0.25991398096084595,0.789636492729187,0.34962302446365356,0.4302279055118561,0.721505880355835,0.7047521471977234,-1.4963815212249756,-4.565998077392578,-8.352914810180664,-12.906465530395508,2.016012668609619,-4.820297718048096
minimal-test-000149,5.678569316864014,0.45911798485508704,0.37822648882865906,0.45895814895629883,0.6472442150115967,0.8323355317115784,0.7383161783218384,0.23527084290981293,0.3769852817058563,0.45390811562538147,0.6163802742958069,0.7799491286277771,0.7533267140388489,0.18703635036945343,-0.27678918838500977,-1.1261574029922485,-6.882658958435059,-11.682168006896973,3.3473494052886963,-10.756291389465332
minimal-test-000150,3.4110910892486572,0.16043550400801254,0.2558625042438507,0.42136555910110474,0.4574706554412842,0.23804838955402374,0.7235756516456604,0.3704785406589508,0.25744423270225525,0.4145001769065857,0.4176137447357178,0.2078847587108612,0.7218418717384338,0.3589017391204834,0.35272544622421265,-1.5309802293777466,-8.888091087341309,-6.726489543914795,-0.38663291931152344,-2.5816266536712646
minimal-test-000151,6.152932643890381,0.21564497733378538,0.39748480916023254,0.750758707523346,0.8860892057418823,0.5784074664115906,0.8390309810638428,0.32398030161857605,0.37528884410858154,0.7532482743263245,0.808423638343811,0.5285333395004272,0.8282412886619568,0.3214454650878906,-4.949700355529785,0.555173397064209,-17.319421768188477,-11.121930122375488,-2.4061014652252197,-0.5652685165405273
minimal-test-000152,2.073927402496338,0.22383874131474252,0.2415715903043747,0.3104492425918579,0.483320951461792,0.2288232296705246,0.7850422263145447,0.8111766576766968,0.23986437916755676,0.2936015725135803,0.4952912926673889,0.2246745228767395,0.7935035228729248,0.7985111474990845,-0.38070809841156006,-3.757030487060547,2.669386148452759,-0.925161600112915,1.886869192123413,-2.824408769607544
minimal-test-000153,3.216491222381592,0.22357930198470563,0.32306960225105286,0.4585148096084595,0.8655624985694885,0.48940056562423706,0.7531431317329407,0.29309332370758057,0.3267120122909546,0.4627799093723297,0.8488441705703735,0.43327242136001587,0.7536424994468689,0.2878043055534363,0.8122574090957642,0.9511172771453857,-3.728187084197998,-12.516575813293457,0.11135900020599365,-1.1794509887695312
minimal-test-000154,4.115203857421875,0.13600737998101087,0.16165153682231903,0.2006804198026657,0.5058850049972534,0.33652037382125854,0.5779417157173157,0.20047792792320251,0.16855597496032715,0.22937393188476562,0.4811529517173767,0.3214358985424042,0.6009974479675293,0.21273069083690643,1.5396896600723267,6.398653030395508,-5.515247821807861,-3.363837957382202,5.141428470611572,2.7323660850524902
minimal-test-000155,4.484796047210693,0.31506271017519527,0.27381038665771484,0.5457464456558228,0.7117797136306763,0.24667640030384064,0.6976662874221802,0.5614324808120728,0.27565625309944153,0.5487536191940308,0.6800188422203064,0.20327626168727875,0.7078388929367065,0.530951976776123,0.41162821650505066,0.6705996990203857,-7.082674503326416,-9.678231239318848,2.26849102973938,-6.797152519226074
minimal-test-000156,4.268243789672852,0.27171944897339306,0.15105284750461578,0.4983583092689514,0.5210590362548828,0.2511803209781647,0.8412965536117554,0.5453116297721863,0.15065503120422363,0.5030081868171692,0.4749983251094818,0.20723670721054077,0.8455426692962646,0.5297691226005554,-0.08871303498744965,1.0369226932525635,-10.271538734436035,-9.799426078796387,0.9468837976455688,-3.4659790992736816
minimal-test-000157,3.985267400741577,0.3113763335957106,0.24267709255218506,0.5395343899726868,0.7466583847999573,0.5633968114852905,0.7708541750907898,0.16422145068645477,0.2301313579082489,0.5411765575408936,0.6952317357063293,0.5421964526176453,0.7727750539779663,0.14573031663894653,-2.797698736190796,0.3662033677101135,-11.46814250946045,-4.727680206298828,0.42835599184036255,-4.123522758483887
minimal-test-000158,4.814277648925781,0.18212099334337253,0.2218535840511322,0.19279052317142487,0.834539532661438,0.6100559830665588,0.6903027892112732,0.3636091649532318,0.2189556360244751,0.17560048401355743,0.7971315979957581,0.5770521759986877,0.6986860036849976,0.33295997977256775,-0.6462423801422119,-3.833378791809082,-8.34196949005127,-7.359848976135254,1.8694567680358887,-6.834768295288086
minimal-test-000159,4.010571002960205,0.24400440151797545,0.21583670377731323,0.7124338150024414,0.16974371671676636,0.42320558428764343,0.6967694163322449,0.26967304944992065,0.2068079113960266,0.7113097906112671,0.17348158359527588,0.3557341992855072,0.6991153955459595,0.24547335505485535,-2.013420581817627,-0.25065743923187256,0.8335443139076233,-15.04611873626709,0.5231533646583557,-5.39653205871582
minimal-test-000160,4.614440441131592,0.2668648724002942,0.3566761910915375,0.753217875957489,0.6754247546195984,0.8773319125175476,0.830691933631897,0.479530930519104,0.3515630066394806,0.7533559799194336,0.6278560161590576,0.8424903750419617,0.843067467212677,0.45541268587112427,-1.14024019241333,0.030797183513641357,-10.607829093933105,-7.769662857055664,2.7597439289093018,-5.378368377685547
minimal-test-000161,2.5117504596710205,0.15255751335601175,0.21401256322860718,0.3321188986301422,0.40676283836364746,0.4444468915462494,0.7318292260169983,0.21341249346733093,0.21036624908447266,0.3508407175540924,0.42311617732048035,0.4212265908718109,0.7310059666633606,0.21822819113731384,-0.8131280541419983,4.174965858459473,3.646794557571411,-5.178127288818359,-0.18358683586120605,1.073900580406189
minimal-test-000162,5.232044219970703,0.3830703005311795,0.2594878673553467,0.6189313530921936,0.116701140999794,0.2515023350715637,0.7895352244377136,0.24940110743045807,0.2590484321117401,0.6048303246498108,0.12715591490268707,0.17372460663318634,0.80104660987854,0.2229129672050476,-0.09799405932426453,-3.144529342651367,2.3314146995544434,-17.344432830810547,2.5670390129089355,-5.90685510635376
minimal-test-000163,3.6248583793640137,0.17155811672780744,0.18119001388549805,0.5116447806358337,0.11020638793706894,0.30106234550476074,0.7374669909477234,0.7233738303184509,0.16944435238838196,0.5028061270713806,0.07600318640470505,0.27972424030303955,0.7494258880615234,0.7139285206794739,-2.6192824840545654,-1.9710197448730469,-7.62731409072876,-4.758397579193115,2.6668341159820557,-2.106304168701172
minimal-test-000164,4.322540283203125,0.43795668380769714,0.44940808415412903,0.22807163000106812,0.30597442388534546,0.6841407418251038,0.846879243850708,0.574844479560852,0.44801315665245056,0.20479878783226013,0.29079076647758484,0.6300363540649414,0.8469693660736084,0.5525888800621033,-0.3110688328742981,-5.189843654632568,-3.385955572128296,-12.065278053283691,0.02009725570678711,-4.962998867034912
minimal-test-000165,5.291205883026123,0.40238729439509774,0.25751522183418274,0.3615468144416809,0.3870604634284973,0.8379797339439392,0.8419150710105896,0.5765871405601501,0.24730047583580017,0.3460996747016907,0.3353714644908905,0.8017221689224243,0.8540329933166504,0.5599492192268372,-2.277888298034668,-3.4447121620178223,-11.526646614074707,-8.085436820983887,2.702296733856201,-3.710256576538086
minimal-test-000166,2.2747907638549805,0.21310261723311666,0.2631014883518219,0.3093724846839905,0.5832341313362122,0.4510803818702698,0.7693485021591187,0.18672211468219757,0.2610625624656677,0.3047601580619812,0.559874415397644,0.4332221746444702,0.7798123359680176,0.1838499903678894,-0.454680472612381,-1.0285488367080688,-5.209216594696045,-3.9823801517486572,2.33343505859375,-0.6404837369918823
minimal-test-000167,5.116459846496582,0.38197449262764516,0.3294571340084076,0.35199832916259766,0.27260449528694153,0.8549317717552185,0.692626416683197,0.7476546764373779,0.327821284532547,0.33131808042526245,0.23390646278858185,0.8155447840690613,0.705160915851593,0.7229276895523071,-0.36479443311691284,-4.611695289611816,-8.629661560058594,-8.78329849243164,2.7951931953430176,-5.514118194580078
minimal-test-000168,3.075211763381958,0.25624864753692833,0.1629619151353836,0.2627776265144348,0.45299389958381653,0.1596803218126297,0.769883394241333,0.7165875434875488,0.1642547845840454,0.24190452694892883,0.468456894159317,0.14086614549160004,0.7786158919334412,0.6990220546722412,0.28830987215042114,-4.654701232910156,3.4482479095458984,-4.195561408996582,1.9473469257354736,-3.9171040058135986
minimal-test-000169,6.404596328735352,0.08223853204278171,0.35973384976387024,0.6567257642745972,0.5422934293746948,0.5855301022529602,0.7661009430885315,0.23415209352970123,0.3414299786090851,0.6473119854927063,0.5654280781745911,0.48119205236434937,0.7796192169189453,0.23776444792747498,-4.08176326751709,-2.0992727279663086,5.159026622772217,-23.267385482788086,3.0145750045776367,0.8055550456047058
minimal-test-000170,5.094075679779053,0.18329477920992868,0.29443812370300293,0.5194289088249207,0.40928512811660767,0.3049395680427551,0.8260825872421265,0.39717087149620056,0.3025597631931305,0.5151898860931396,0.3503420948982239,0.24468864500522614,0.8302537202835083,0.3958362936973572,1.811125636100769,-0.9453020691871643,-13.144296646118164,-13.435956001281738,0.9301626682281494,-0.2976108491420746
minimal-test-000171,4.611233711242676,0.20082637550830823,0.2486886829137802,0.6662708520889282,0.42528036236763,0.7657356858253479,0.6264703273773193,0.16745012998580933,0.24820467829704285,0.6482716202735901,0.38201195001602173,0.713972270488739,0.6215307712554932,0.1618356853723526,-0.10793302953243256,-4.013828754425049,-9.648856163024902,-11.543241500854492,-1.1015210151672363,-1.2520211935043335
minimal-test-000172,5.857324600219727,0.5945361762634586,0.20531344413757324,0.7799085974693298,0.8067694306373596,0.17442210018634796,0.7483983039855957,0.7701084017753601,0.19655773043632507,0.7731872200965881,0.7553083896636963,0.13652025163173676,0.7691267728805542,0.7380806803703308,-1.952524185180664,-1.498867154121399,-11.475811958312988,-8.452112197875977,4.622448444366455,-7.142181873321533
minimal-test-000173,5.540552616119385,0.6489082418223598,0.18698829412460327,0.16445918381214142,0.4953687787055969,0.8242174386978149,0.8077128529548645,0.18554525077342987,0.17394647002220154,0.15052226185798645,0.46808770298957825,0.7795155644416809,0.817849338054657,0.14557026326656342,-2.9083268642425537,-3.107933521270752,-6.083679676055908,-9.968518257141113,2.2604360580444336,-8.914422035217285
minimal-test-000174,3.78556752204895,0.16389994125689927,0.3339700996875763,0.7234286069869995,0.14565926790237427,0.6662459969520569,0.7536287307739258,0.377514511346817,0.3239554762840271,0.7045488953590393,0.10664065182209015,0.6534796357154846,0.7503725290298462,0.3595961928367615,-2.2332611083984375,-4.210175514221191,-8.701151847839355,-2.8468985557556152,-0.7261329889297485,-3.9957849979400635
minimal-test-000175,3.12154221534729,0.29926784224886643,0.180097758769989,0.7721666097640991,0.8350328207015991,0.17225666344165802,0.836458683013916,0.4962860643863678,0.1764778345823288,0.7724897265434265,0.7899442315101624,0.1695619821548462,0.8521721363067627,0.47973814606666565,-0.8072431087493896,0.07205504179000854,-10.054755210876465,-0.600913941860199,3.5041000843048096,-3.690185785293579
minimal-test-000176,11.19112777709961,0.11032571937190881,0.34616637229919434,0.37298843264579773,0.11403229832649231,0.10791432857513428,0.8486984968185425,0.6695143580436707,0.29206693172454834,0.34019479155540466,0.25553271174430847,0.14331449568271637,0.8410900235176086,0.6398099064826965,-12.064175605773926,-7.312982082366943,31.55459213256836,7.894237041473389,-1.6966896057128906,-6.6240925788879395
minimal-test-000177,4.72529935836792,0.30702188828483756,0.25804319977760315,0.3500589430332184,0.8492324948310852,0.47150588035583496,0.7705638408660889,0.1738937944173813,0.259539932012558,0.3484334647655487,0.806908369064331,0.41114628314971924,0.7782137989997864,0.16021159291267395,0.333771288394928,-0.36248165369033813,-9.43828010559082,-13.460189819335938,1.7059407234191895,-3.051131010055542
minimal-test-000178,9.840987205505371,0.12193135825360328,0.15342365205287933,0.1671389490365982,0.874250054359436,0.25398918986320496,0.8133862018585205,0.3631095886230469,0.16072329878807068,0.1547003835439682,0.7721230983734131,0.16474628448486328,0.8358874320983887,0.3319389522075653,1.6278212070465088,-2.7738001346588135,-22.774311065673828,-19.901168823242188,5.01777458190918,-6.951051712036133
minimal-test-000179,4.701857089996338,0.4054880706876243,0.42335572838783264,0.3792271018028259,0.7769546508789062,0.6872168183326721,0.8162809014320374,0.24550722539424896,0.422581285238266,0.3786773383617401,0.72800612449646,0.6446038484573364,0.8338544368743896,0.22945910692214966,-0.17270082235336304,-0.12259724736213684,-10.915521621704102,-9.502692222595215,3.918898344039917,-3.578730344772339
minimal-test-000180,4.282557010650635,0.42931318636125193,0.1708580106496811,0.476421594619751,0.5455085635185242,0.8521305918693542,0.5694611668586731,0.4137853682041168,0.17491713166236877,0.4798699617385864,0.5048078298568726,0.8161218762397766,0.5844760537147522,0.39779144525527954,0.9051839709281921,0.7689858675003052,-9.076263427734375,-8.029943466186523,3.3483197689056396,-3.5666449069976807
minimal-test-000181,7.074998378753662,0.39201684476956444,0.23878495395183563,0.4445716142654419,0.8988401889801025,0.4524661600589752,0.6742415428161621,0.774114727973938,0.22050251066684723,0.43543922901153564,0.8481259942054749,0.3984209895133972,0.6987255215644836,0.7404142022132874,-4.076984882354736,-2.0365219116210938,-11.30926513671875,-12.05207347869873,5.459927082061768,-7.515217304229736
minimal-test-000182,6.681863784790039,0.12262335620664382,0.16505880653858185,0.15799669921398163,0.5615653395652771,0.4724979102611542,0.6330355405807495,0.7666165828704834,0.16696415841579437,0.1564386487007141,0.4921945035457611,0.39366334676742554,0.6479898691177368,0.7534586191177368,0.42489346861839294,-0.3474452495574951,-15.469696044921875,-17.580106735229492,3.334815263748169,-2.9342260360717773
minimal-test-000183,6.849151134490967,0.4704676460045215,0.366767942905426,0.2744256556034088,0.36294591426849365,0.8399049639701843,0.815923273563385,0.5783724784851074,0.36758849024772644,0.23972082138061523,0.31258711218833923,0.78580641746521,0.8280391693115234,0.54618901014328,0.18298205733299255,-7.73917818069458,-11.230012893676758,-12.063976287841797,2.7018446922302246,-7.176913261413574
minimal-test-000184,7.166566371917725,0.5113968018394841,0.22069017589092255,0.5133258104324341,0.68196702003479,0.8128314018249512,0.6345747113227844,0.21903187036514282,0.2129080593585968,0.48536062240600586,0.6265524625778198,0.7616044878959656,0.6470469236373901,0.18107043206691742,-1.7354120016098022,-6.236237049102783,-12.357446670532227,-11.423602104187012,2.7813034057617188,-8.465400695800781
minimal-test-000185,4.1942901611328125,0.11235297616895976,0.17136435210704803,0.2383594959974289,0.15424370765686035,0.3504018783569336,0.7197194695472717,0.24898268282413483,0.1662214696407318,0.24603092670440674,0.1755039095878601,0.29339009523391724,0.734305739402771,0.2561609745025635,-1.1468627452850342,1.7107290029525757,4.741024971008301,-12.713627815246582,3.2527382373809814,1.6007590293884277
minimal-test-000186,3.136230230331421,0.35210123256534226,0.3668253719806671,0.5337926745414734,0.4299560785293579,0.16093581914901733,0.836566150188446,0.43577876687049866,0.36672255396842957,0.5327516198158264,0.398002028465271,0.1356325000524521,0.8472588062286377,0.4204897880554199,-0.02292841672897339,-0.2321552038192749,-7.125753402709961,-5.642640113830566,2.384462356567383,-3.409442186355591
minimal-test-000187,6.018425464630127,0.36784776146029946,0.19072657823562622,0.821172297000885,0.8739113211631775,0.838969349861145,0.6647175550460815,0.5355557203292847,0.18203862011432648,0.839649498462677,0.8002321124076843,0.7974757552146912,0.6816688179969788,0.5329142212867737,-1.9374146461486816,4.120415687561035,-16.430463790893555,-9.253071784973145,3.7801315784454346,-0.58905428647995
minimal-test-000188,9.575303077697754,0.08953237136278067,0.2224082052707672,0.8253358602523804,0.7548773288726807,0.29457536339759827,0.576575517654419,0.547947883605957,0.22799046337604523,0.7863594889640808,0.6519446969032288,0.31565576791763306,0.6115240454673767,0.49383658170700073,1.244843602180481,-8.691730499267578,-22.953977584838867,4.700930118560791,7.793521881103516,-12.06682014465332
minimal-test-000189,3.4970438480377197,0.1270735828434592,0.24104462563991547,0.43962958455085754,0.7043353915214539,0.2037924975156784,0.7628650069236755,0.32079026103019714,0.23358914256095886,0.4398057460784912,0.6688711047172546,0.16628225147724152,0.7748793959617615,0.3193199634552002,-1.6625727415084839,0.03928402066230774,-7.908535957336426,-8.364785194396973,2.679208755493164,-0.32787635922431946
minimal-test-000190,3.320094585418701,0.47381695217818565,0.36891067028045654,0.3169333338737488,0.1633954793214798,0.7659140229225159,0.845695972442627,0.7305744886398315,0.3588391840457916,0.31544244289398193,0.1510951966047287,0.7260531783103943,0.8500056266784668,0.7092777490615845,-2.245941400527954,-0.3324686884880066,-2.7429630756378174,-8.888968467712402,0.9610528945922852,-4.749173164367676
minimal-test-000191,4.431317329406738,0.26563547016556743,0.2616032063961029,0.5667322874069214,0.21617692708969116,0.2989690899848938,0.6948016285896301,0.3947996497154236,0.26104453206062317,0.5737304091453552,0.15435224771499634,0.2629183828830719,0.7022552490234375,0.4011421203613281,-0.1245843768119812,1.5605812072753906,-13.786903381347656,-8.039307594299316,1.6621572971343994,1.4143710136413574
minimal-test-000192,17.70208168029785,0.09335386841403923,0.2739238739013672,0.21311742067337036,0.754313051700592,0.8692334294319153,0.6315304636955261,0.8421493172645569,0.2680523693561554,0.21394041180610657,0.5955008864402771,0.5971119403839111,0.6695424914360046,0.8415002822875977,-1.3093454837799072,0.18352702260017395,-35.41511154174805,-60.68309020996094,8.476682662963867,-0.14473479986190796
minimal-test-000193,3.267911434173584,0.25819723467214045,0.2570873498916626,0.7111269235610962,0.24259696900844574,0.45296794176101685,0.844460129737854,0.6465889811515808,0.25075215101242065,0.7054392099380493,0.22490054368972778,0.406467467546463,0.8465133309364319,0.6562418341636658,-1.4127492904663086,-1.2683601379394531,-3.946302890777588,-10.369606018066406,0.45786386728286743,2.1525862216949463
minimal-test-000194,5.937996864318848,0.1303098497563095,0.3897925913333893,0.6348912119865417,0.5670506954193115,0.5001572966575623,0.7449021339416504,0.6261081099510193,0.3789574205875397,0.6121387481689453,0.5118375420570374,0.45022648572921753,0.7462047338485718,0.6063755750656128,-2.416243076324463,-5.0737996101379395,-12.312533378601074,-11.134571075439453,0.29047977924346924,-4.400355339050293
minimal-test-000195,6.062739849090576,0.3175293405855488,0.19798359274864197,0.32754573225975037,0.11168602854013443,0.7249743342399597,0.5523562431335449,0.7639175653457642,0.21137049794197083,0.3057895004749298,0.1239926815032959,0.6924277544021606,0.5974881649017334,0.7259228229522705,2.9852797985076904,-4.851639747619629,2.7443835735321045,-7.257887363433838,10.06441879272461,-8.472827911376953
minimal-test-000196,8.201029777526855,0.256864970304108,0.2683982253074646,0.8431761860847473,0.15970736742019653,0.5342466235160828,0.6687604784965515,0.20928196609020233,0.24309328198432922,0.7992154955863953,0.13594749569892883,0.43404054641723633,0.6838801503181458,0.19697771966457367,-5.643002510070801,-9.803234100341797,-5.2984514236450195,-22.34595489501953,3.3716869354248047,-2.743846893310547
minimal-test-000197,4.76360559463501,0.16299687004109265,0.2293311208486557,0.4730837047100067,0.10008415579795837,0.5851974487304688,0.7578726410865784,0.7951930165290833,0.23319914937019348,0.4602516293525696,0.06507723033428192,0.5305109620094299,0.7696882486343384,0.8051526546478271,0.8625703454017639,-2.8615527153015137,-7.806544303894043,-12.195086479187012,2.634880542755127,2.220999240875244
minimal-test-000198,8.330552101135254,0.1915801040004094,0.40471845865249634,0.29216501116752625,0.47703176736831665,0.11304773390293121,0.8107237219810486,0.5202523469924927,0.4020020067691803,0.31117796897888184,0.3931482434272766,0.02055494114756584,0.8348054885864258,0.518299400806427,-0.6057687997817993,4.239889621734619,-18.706026077270508,-20.625892639160156,5.37023401260376,-0.43550699949264526
minimal-test-000199,5.6031813621521,0.11685913492396914,0.15415310859680176,0.3131957948207855,0.4824121594429016,0.5248718857765198,0.5600268244743347,0.8007634282112122,0.17561590671539307,0.31952187418937683,0.4687172472476959,0.48484307527542114,0.5922960638999939,0.763787031173706,4.786203861236572,1.4107156991958618,-3.0539653301239014,-8.926424980163574,7.196040153503418,-8.245736122131348
minimal-test-000200,5.874622344970703,0.22743089526287652,0.2685640752315521,0.7399157881736755,0.24297687411308289,0.5135460495948792,0.6794648766517639,0.7173917293548584,0.26807138323783875,0.7179181575775146,0.20237576961517334,0.45382678508758545,0.700126588344574,0.7028025388717651,-0.1098703145980835,-4.9054718017578125,-9.054046630859375,-13.31739616394043,4.6075615882873535,-3.253389358520508
minimal-test-000201,5.090014457702637,0.24378121864071423,0.21055886149406433,0.46062591671943665,0.2884410321712494,0.22481302917003632,0.6742478609085083,0.5198631286621094,0.2055070549249649,0.45357245206832886,0.23361533880233765,0.16710838675498962,0.6861618161201477,0.5202646255493164,-1.1265528202056885,-1.5729225873947144,-12.226129531860352,-12.868135452270508,2.6568119525909424,0.08953380584716797
minimal-test-000202,5.980650424957275,0.4243162554161835,0.22807316482067108,0.34537091851234436,0.7767584919929504,0.1348642110824585,0.6980797052383423,0.5668572187423706,0.23385608196258545,0.33795031905174255,0.72810959815979,0.07598467171192169,0.7176661491394043,0.5462612509727478,1.2895904779434204,-1.6547937393188477,-10.848703384399414,-13.13013744354248,4.367776870727539,-4.59290075302124
minimal-test-000203,5.896869659423828,0.09594688925360051,0.18644113838672638,0.7230097055435181,0.1885012686252594,0.8192492127418518,0.6336976885795593,0.677103579044342,0.17930997908115387,0.7055927515029907,0.20601829886436462,0.7493312954902649,0.6564635038375854,0.6531922817230225,-1.5902485847473145,-3.8839807510375977,3.9062976837158203,-15.591695785522461,5.07677698135376,-5.332219123840332
minimal-test-000204,4.151910781860352,0.22273040002373878,0.21522212028503418,0.5275542140007019,0.42968958616256714,0.8834347128868103,0.8343651294708252,0.836389422416687,0.2080347239971161,0.5230424404144287,0.4003840982913971,0.8220776319503784,0.8254416584968567,0.836814820766449,-1.6027894020080566,-1.0061254501342773,-6.535123825073242,-13.682628631591797,-1.989933967590332,0.09486383199691772
minimal-test-000205,5.4680070877075195,0.2644541816433576,0.34976932406425476,0.2563505172729492,0.23059751093387604,0.4924488961696625,0.8458001017570496,0.5135636925697327,0.35051265358924866,0.24012023210525513,0.19129997491836548,0.4347051680088043,0.8553081750869751,0.48996537923812866,0.16576248407363892,-3.6193535327911377,-8.763350486755371,-12.876851081848145,2.12030029296875,-5.262423992156982
minimal-test-000206,2.7638046741485596,0.27102090049886374,0.20590996742248535,0.32574188709259033,0.7090128660202026,0.19394870102405548,0.5867086052894592,0.4401875436306,0.20986197888851166,0.32044872641563416,0.6897660493850708,0.16825425624847412,0.6019468307495117,0.4352497458457947,0.8812985420227051,-1.1803748607635498,-4.29203987121582,-5.729861259460449,3.3981242179870605,-1.1011289358139038
minimal-test-000207,5.338018417358398,0.4012771373087675,0.2781354784965515,0.7165930271148682,0.13187992572784424,0.3014311194419861,0.7432987093925476,0.2724829316139221,0.2698054015636444,0.7104529142379761,0.11269308626651764,0.22379496693611145,0.7632802724838257,0.26013386249542236,-1.857607126235962,-1.369245171546936,-4.278665065765381,-17.312862396240234,4.455888748168945,-2.753842353820801
minimal-test-000208,5.164791584014893,0.4638401604659471,0.2239043414592743,0.7245068550109863,0.8915874361991882,0.256766676902771,0.7627095580101013,0.7213659882545471,0.2172924131155014,0.7301360964775085,0.8086397647857666,0.2509060800075531,0.7869259119033813,0.7076687812805176,-1.4744600057601929,1.2553207874298096,-18.497331619262695,-1.306913137435913,5.400247097015381,-3.0544772148132324
minimal-test-000209,5.228288650512695,0.463460083929004,0.3187570571899414,0.7770033478736877,0.12265372276306152,0.32516685128211975,0.7685462236404419,0.3538271486759186,0.29775580763816833,0.7647259831428528,0.08058638870716095,0.2850237488746643,0.7764423489570618,0.3711134195327759,-4.683278560638428,-2.7378523349761963,-9.38101577758789,-8.951911926269531,1.760835886001587,3.8548383712768555
minimal-test-000210,4.676157474517822,0.39628973785181876,0.1706002950668335,0.26850757002830505,0.7771125435829163,0.7914579510688782,0.7839351892471313,0.3889404237270355,0.16611608862876892,0.25900277495384216,0.750036895275116,0.7393215298652649,0.7970137596130371,0.3694041669368744,-0.9999780654907227,-2.1195693016052246,-6.037869453430176,-11.626421928405762,2.9165210723876953,-4.356585502624512
minimal-test-000211,4.584069728851318,0.09688251494891027,0.15837380290031433,0.6003488302230835,0.6770273447036743,0.21133217215538025,0.7335354685783386,0.2909450829029083,0.15990374982357025,0.6007225513458252,0.6144360303878784,0.18495456874370575,0.7433939576148987,0.2683379650115967,0.34117817878723145,0.08333981037139893,-13.957862854003906,-5.882205486297607,2.1984429359436035,-5.04138708114624
minimal-test-000212,6.485159397125244,0.33306026725484955,0.20009715855121613,0.32823723554611206,0.8160784244537354,0.36843007802963257,0.674718976020813,0.6779842972755432,0.18733912706375122,0.32156795263290405,0.7671476602554321,0.2901558578014374,0.6886547207832336,0.6640637516975403,-2.845041036605835,-1.4872500896453857,-10.91156005859375,-17.455150604248047,3.107671022415161,-3.1042816638946533
minimal-test-000213,8.903912544250488,0.13863304894918715,0.26882079243659973,0.6477971076965332,0.6422431468963623,0.6297796368598938,0.8033227324485779,0.8318800926208496,0.27141109108924866,0.6404904723167419,0.5449088215827942,0.5376154184341431,0.817247748374939,0.8056334257125854,0.5776365995407104,-1.6293797492980957,-21.705554962158203,-20.55261993408203,3.105278491973877,-5.853006839752197
minimal-test-000214,4.669462203979492,0.08207732775703674,0.1601530760526657,0.4107978343963623,0.6324955821037292,0.23538008332252502,0.6715427041053772,0.31140410900115967,0.16125348210334778,0.4190952479839325,0.5719361901283264,0.20406123995780945,0.6930563449859619,0.30855804681777954,0.24539054930210114,1.85032320022583,-13.504744529724121,-6.984102249145508,4.797542095184326,-0.6346718668937683
minimal-test-000215,4.607453346252441,0.12073643677906856,0.16981305181980133,0.24496135115623474,0.34225624799728394,0.13408681750297546,0.6640980243682861,0.2738184332847595,0.18144559860229492,0.27848806977272034,0.36923763155937195,0.11578730493783951,0.674225926399231,0.2972177267074585,2.594058036804199,7.4764580726623535,6.016848564147949,-4.080791473388672,2.2585220336914062,5.218042373657227
minimal-test-000216,4.250283718109131,0.2272550745943835,0.2550137937068939,0.4781392812728882,0.7160499691963196,0.3581104874610901,0.7218403816223145,0.5936521887779236,0.24398574233055115,0.4823542833328247,0.6785306334495544,0.32382798194885254,0.7332998514175415,0.5777991414070129,-2.4592554569244385,0.9399454593658447,-8.366811752319336,-7.644998550415039,2.555461883544922,-3.5352296829223633
minimal-test-000217,6.272538185119629,0.1163875297952426,0.32413250207901,0.7833468317985535,0.5644552111625671,0.811859667301178,0.7360544800758362,0.6170902252197266,0.3130525052547455,0.7693660259246826,0.5172920823097229,0.7584945559501648,0.7471345663070679,0.5849915146827698,-2.470839262008667,-3.1177196502685547,-10.517377853393555,-11.900420188903809,2.4708592891693115,-7.158012390136719
minimal-test-000218,4.727750301361084,0.440618892681146,0.2927260994911194,0.8434017300605774,0.16994276642799377,0.41001763939857483,0.7863147258758545,0.8103514909744263,0.3056900203227997,0.8449885249137878,0.13686390221118927,0.3612193167209625,0.801002562046051,0.7942631840705872,2.8909542560577393,0.3538552522659302,-7.3765869140625,-10.882025718688965,3.2753875255584717,-3.5876924991607666
minimal-test-000219,1.6269434690475464,0.14684738018607485,0.18884193897247314,0.1883804053068161,0.4798143208026886,0.5368896126747131,0.6214525103569031,0.4510997235774994,0.18432539701461792,0.20363518595695496,0.47830286622047424,0.5373207330703735,0.6393758654594421,0.44696271419525146,-1.0071887969970703,3.4018161296844482,-0.33705437183380127,0.09613984823226929,3.996908187866211,-0.9225530624389648
minimal-test-000220,6.694271564483643,0.09962295913810235,0.2600736916065216,0.8371047973632812,0.8292597532272339,0.7338302731513977,0.7372897863388062,0.661517322063446,0.2416776716709137,0.8408938646316528,0.7547367811203003,0.7014787793159485,0.7523197531700134,0.6254919171333313,-4.1023125648498535,0.8449620008468628,-16.618621826171875,-7.214383125305176,3.351682662963867,-8.033665657043457
minimal-test-000221,6.1801958084106445,0.27999337698759286,0.15209832787513733,0.7394924759864807,0.4744756817817688,0.1880403757095337,0.7432498931884766,0.3453620970249176,0.14256450533866882,0.7081902027130127,0.4036003053188324,0.16285695135593414,0.7431771755218506,0.31604641675949097,-2.126042366027832,-6.980406761169434,-15.805209159851074,-5.615903854370117,-0.016216039657592773,-6.5373969078063965
minimal-test-000222,4.645033359527588,0.36946626417898076,0.16148997843265533,0.4849073886871338,0.47855886816978455,0.21487192809581757,0.743200957775116,0.7210510969161987,0.16091296076774597,0.49042177200317383,0.42516276240348816,0.17389222979545593,0.7636614441871643,0.7170003056526184,-0.1286749392747879,1.2297074794769287,-11.907331466674805,-9.138472557067871,4.56268835067749,-0.9033264517784119
minimal-test-000223,2.3939898014068604,0.18326269048609176,0.23051215708255768,0.2742796242237091,0.5547274947166443,0.12472568452358246,0.6252514719963074,0.31659939885139465,0.23283585906028748,0.3001694083213806,0.5436773896217346,0.1113755851984024,0.6366993188858032,0.31695014238357544,0.518185555934906,5.773421764373779,-2.4641733169555664,-2.977072238922119,2.5528697967529297,0.07821580767631531
minimal-test-000224,7.704447269439697,0.522352835730965,0.2879698574542999,0.38797563314437866,0.8470398187637329,0.16659671068191528,0.8445286750793457,0.833948016166687,0.3021039068698883,0.4063835144042969,0.8170499205589294,0.13342522084712982,0.87646484375,0.7542929649353027,3.151893138885498,4.104957580566406,-6.687747478485107,-7.397242069244385,7.121765613555908,-17.763076782226562
minimal-test-000225,4.4385576248168945,0.2010478869275456,0.22654469311237335,0.4198257625102997,0.8989218473434448,0.5631052851676941,0.7022352814674377,0.6838725209236145,0.22017595171928406,0.4060647785663605,0.8730587363243103,0.5448233485221863,0.720109224319458,0.6465981602668762,-1.4202293157577515,-3.068699359893799,-5.7674736976623535,-4.076871871948242,3.985889196395874,-8.312182426452637
minimal-test-000226,3.0580027103424072,0.20533519803765865,0.41880252957344055,0.7637317776679993,0.5458455681800842,0.29846811294555664,0.8130026459693909,0.30170032382011414,0.4314417541027069,0.766582190990448,0.5027016401290894,0.29610109329223633,0.828218936920166,0.2956390976905823,2.818547010421753,0.6356421709060669,-9.621095657348633,-0.5278453826904297,3.393232822418213,-1.3516534566879272
minimal-test-000227,3.326146364212036,0.15256846914071734,0.15500254929065704,0.3260132074356079,0.35125434398651123,0.2500360906124115,0.7056955695152283,0.5863670706748962,0.15657451748847961,0.3307219445705414,0.3553840219974518,0.20787400007247925,0.7190920114517212,0.5628432631492615,0.3505489230155945,1.0500483512878418,0.9209182262420654,-9.402146339416504,2.9874064922332764,-5.245809078216553
minimal-test-000228,5.735236167907715,0.13420317036439572,0.23473837971687317,0.6944991946220398,0.7128344178199768,0.38589707016944885,0.7466534376144409,0.15538093447685242,0.23245957493782043,0.7086620330810547,0.6253669261932373,0.35977721214294434,0.7613632678985596,0.14580847322940826,-0.5081734657287598,3.158313035964966,-19.505250930786133,-5.824728488922119,3.28029203414917,-2.1346588134765625
minimal-test-000229,4.320212364196777,0.10197060643525926,0.19933435320854187,0.6254106760025024,0.35733237862586975,0.4702220857143402,0.8249229788780212,0.43330350518226624,0.19571228325366974,0.6155595183372498,0.3971342146396637,0.43006569147109985,0.8373110294342041,0.42288410663604736,-0.8077216148376465,-2.196808099746704,8.875809669494629,-8.954875946044922,2.762535333633423,-2.323525905609131
minimal-test-000230,7.0888848304748535,0.13101902120959033,0.39989006519317627,0.7483944892883301,0.6766735911369324,0.7183099985122681,0.805690348148346,0.4718254804611206,0.3788008689880371,0.7160606384277344,0.6049258708953857,0.6682339906692505,0.8102691173553467,0.46091869473457336,-4.702890872955322,-7.210448741912842,-15.999741554260254,-11.166950225830078,1.0210654735565186,-2.432213306427002
minimal-test-000231,4.246684551239014,0.24316244439389215,0.19472478330135345,0.15264609456062317,0.23501767218112946,0.4145581126213074,0.6079553365707397,0.2608537971973419,0.20551219582557678,0.18358448147773743,0.22522993385791779,0.3766185939311981,0.6232045292854309,0.2704121172428131,2.405592918395996,6.899260520935059,-2.1826655864715576,-8.4605131149292,3.4005699157714844,2.1315054893493652
minimal-test-000232,2.7085304260253906,0.5836334698785233,0.18378113210201263,0.7119085788726807,0.4690825343132019,0.14983956515789032,0.8212053775787354,0.7645226716995239,0.18345311284065247,0.7134835124015808,0.4404418170452118,0.1296091377735138,0.8307011723518372,0.75191730260849,-0.07314829528331757,0.35121017694473267,-6.386879920959473,-4.511385440826416,2.1175622940063477,-2.810997247695923
minimal-test-000233,5.148248195648193,0.43837497731665287,0.4848209619522095,0.47733190655708313,0.32791078090667725,0.889571487903595,0.8349707126617432,0.6572932600975037,0.4611319601535797,0.4601750373840332,0.3080888092517853,0.8413998484611511,0.8361948132514954,0.6288389563560486,-5.282647609710693,-3.825981855392456,-4.420299530029297,-10.74227523803711,0.27297443151474,-6.345309734344482
minimal-test-000234,3.292449712753296,0.10877220488224092,0.20423774421215057,0.2824195623397827,0.5207430124282837,0.19956308603286743,0.6233323216438293,0.3172314167022705,0.20241816341876984,0.3058135509490967,0.49542298913002014,0.18236956000328064,0.6341434717178345,0.3272792398929596,-0.4057665169239044,5.216859340667725,-5.646365165710449,-3.8341562747955322,2.410886526107788,2.240664482116699
minimal-test-000235,3.990522623062134,0.36140356566069703,0.25560125708580017,0.7134904265403748,0.20785526931285858,0.352922260761261,0.8146517276763916,0.7029579281806946,0.24756920337677002,0.7084043622016907,0.17195449769496918,0.31174492835998535,0.8293625116348267,0.7004966139793396,-1.7911479473114014,-1.1341923475265503,-8.005871772766113,-9.182544708251953,3.2805047035217285,-0.5488730669021606
minimal-test-000236,3.195739507675171,0.3479731293630422,0.17733754217624664,0.18160663545131683,0.2819022834300995,0.5898003578186035,0.7227930426597595,0.3797212541103363,0.16522681713104248,0.17682018876075745,0.24972772598266602,0.5611414313316345,0.72762531042099,0.3763001561164856,-2.7006916999816895,-1.0673775672912598,-7.174926280975342,-6.3909406661987305,1.0775957107543945,-0.7629048824310303
minimal-test-000237,4.163758754730225,0.24058169805314988,0.25220993161201477,0.7096918225288391,0.22878260910511017,0.35660332441329956,0.6594648957252502,0.20744457840919495,0.23712703585624695,0.7088342905044556,0.21192272007465363,0.29689493775367737,0.6689904928207397,0.1974494904279709,-3.363485813140869,-0.19122964143753052,-3.7597551345825195,-13.314970016479492,2.1242082118988037,-2.2289047241210938
minimal-test-000238,10.891034126281738,0.13800138316883434,0.1567802131175995,0.23735171556472778,0.30050796270370483,0.20251408219337463,0.5728468894958496,0.8383277654647827,0.15574270486831665,0.2293643355369568,0.38271787762641907,0.35067641735076904,0.5929043292999268,0.8047500252723694,-0.23136433959007263,-1.7811857461929321,18.33281135559082,33.040199279785156,4.472808837890625,-7.487835884094238
minimal-test-000239,3.8153350353240967,0.42896007971069144,0.26155054569244385,0.2136727124452591,0.24788860976696014,0.6443405151367188,0.6337407231330872,0.19025595486164093,0.24723631143569946,0.2180209904909134,0.2305436134338379,0.5968597531318665,0.6499127149581909,0.1872614622116089,-3.1920742988586426,0.9696660041809082,-3.867934226989746,-10.588210105895996,3.606354236602783,-0.6677718758583069
minimal-test-000240,5.2810163497924805,0.5127805059033477,0.1968693882226944,0.4539220631122589,0.8745468258857727,0.8492338061332703,0.7504110932350159,0.3507590591907501,0.19467514753341675,0.44365695118904114,0.8357868790626526,0.8017731308937073,0.7669674158096313,0.32390522956848145,-0.4893156886100769,-2.2891199588775635,-8.643467903137207,-10.583730697631836,3.6920599937438965,-5.988403797149658
minimal-test-000241,4.761200428009033,0.2972242450322743,0.20837293565273285,0.7739824056625366,0.799726665019989,0.89433753490448,0.7039923071861267,0.6129236221313477,0.19653746485710144,0.7890860438346863,0.7412739992141724,0.8658081889152527,0.7179327011108398,0.6126810908317566,-2.639309883117676,3.3681113719940186,-13.034944534301758,-6.362044334411621,3.108707904815674,-0.05408447980880737
minimal-test-000242,4.2214155197143555,0.16661793471644623,0.15919972956180573,0.7753675580024719,0.3934420645236969,0.8859053254127502,0.8340173363685608,0.5973962545394897,0.16671788692474365,0.7892038226127625,0.42707785964012146,0.8489550352096558,0.8523184657096863,0.6007353067398071,1.6765490770339966,3.085486888885498,7.500782489776611,-8.239914894104004,4.081151962280273,0.7446086406707764
minimal-test-000243,2.4378762245178223,0.2432730401219593,0.20076362788677216,0.3611781597137451,0.7675755620002747,0.5668200254440308,0.5713490843772888,0.7157608270645142,0.19139602780342102,0.3519899249076843,0.7850189208984375,0.5684753656387329,0.5737239718437195,0.6901971697807312,-2.088974714279175,-2.048976421356201,3.889868974685669,0.3691408634185791,0.5295999050140381,-5.700695514678955
minimal-test-000244,4.886188983917236,0.13547460053054655,0.41459518671035767,0.45444828271865845,0.5108155012130737,0.5524846315383911,0.7654837965965271,0.2092558741569519,0.4023509621620178,0.43784865736961365,0.4469468593597412,0.5296879410743713,0.7780537605285645,0.20586805045604706,-2.730462074279785,-3.701716423034668,-14.242707252502441,-5.083662033081055,2.8031020164489746,-0.7554847002029419
minimal-test-000245,5.709725379943848,0.27004074316973253,0.18800529837608337,0.6602468490600586,0.7567344307899475,0.6283762454986572,0.5802433490753174,0.843913197517395,0.18240854144096375,0.6490399241447449,0.6912223696708679,0.604780912399292,0.6041820645332336,0.8201380968093872,-1.2480767965316772,-2.4991443157196045,-14.609189987182617,-5.261759281158447,5.338333606719971,-5.301847457885742
minimal-test-000246,5.879180431365967,0.41819241205932284,0.3043295443058014,0.20511163771152496,0.3001432418823242,0.8639456033706665,0.7545083165168762,0.7603192925453186,0.2942139208316803,0.21030284464359283,0.2677367329597473,0.7834241390228271,0.7424960136413574,0.7423821687698364,-2.255784034729004,1.1576391458511353,-7.226651668548584,-17.956287384033203,-2.678743600845337,-3.999978542327881
minimal-test-000247,4.740068435668945,0.13385083164989647,0.24769876897335052,0.8489726781845093,0.5296366214752197,0.8442445993423462,0.7362634539604187,0.5748065710067749,0.23770269751548767,0.8480787873268127,0.5201430320739746,0.7864001393318176,0.7510254383087158,0.5402610898017883,-2.229123830795288,-0.1993376612663269,-2.117070436477661,-12.899314880371094,3.2919225692749023,-7.70364236831665
minimal-test-000248,3.489964246749878,0.2797578466456637,0.2530999779701233,0.24289926886558533,0.6733211874961853,0.8650931715965271,0.6444948315620422,0.507781982421875,0.26443585753440857,0.23260551691055298,0.6705752611160278,0.8061168193817139,0.6448987722396851,0.49763745069503784,2.5279011726379395,-2.295506715774536,-0.612341582775116,-13.151726722717285,0.09007877111434937,-2.262230634689331
minimal-test-000249,3.5677530765533447,0.1284616125917187,0.1551673412322998,0.721214234828949,0.4334059953689575,0.5005630850791931,0.788602352142334,0.5250405669212341,0.15178020298480988,0.7298211455345154,0.4085979163646698,0.4522799253463745,0.7957955002784729,0.5213256478309631,-0.755331814289093,1.9193410873413086,-5.532201766967773,-10.767144203186035,1.604072093963623,-0.8284269571304321
minimal-test-000250,7.724755764007568,0.28756796983411487,0.43607765436172485,0.7160406112670898,0.7471789717674255,0.4405324459075928,0.8088356852531433,0.7307590246200562,0.4218994677066803,0.7025987505912781,0.670087993144989,0.3849230408668518,0.8169629573822021,0.6913657784461975,-3.1617355346679688,-2.997534990310669,-17.191287994384766,-12.400897026062012,1.8123817443847656,-8.784693717956543
minimal-test-000251,5.6665568351745605,0.3675299974988694,0.3080003261566162,0.6435550451278687,0.41376861929893494,0.29000231623649597,0.7449181079864502,0.8185791373252869,0.31429097056388855,0.643799364566803,0.3641788363456726,0.2223772406578064,0.7665468454360962,0.8114942908287048,1.4028136730194092,0.054483234882354736,-11.058521270751953,-15.080391883850098,4.823208332061768,-1.579920768737793
minimal-test-000252,3.5801098346710205,0.18063213005160675,0.22748920321464539,0.3612653613090515,0.378160297870636,0.7105814814567566,0.7435045838356018,0.769090473651886,0.2171609252691269,0.34836360812187195,0.37620872259140015,0.661117672920227,0.762714684009552,0.7666201591491699,-2.303205966949463,-2.8770909309387207,-0.4352012872695923,-11.030428886413574,4.283852577209473,-0.5508801341056824
minimal-test-000253,5.215448379516602,0.22943556210947033,0.35462355613708496,0.3810090124607086,0.7230474352836609,0.3850046992301941,0.7480802536010742,0.7011714577674866,0.3512779474258423,0.37531641125679016,0.6831143498420715,0.33543187379837036,0.7718011736869812,0.6831105351448059,-0.7460707426071167,-1.269450068473816,-8.905077934265137,-11.054739952087402,5.289765357971191,-4.027585983276367
minimal-test-000254,3.01216197013855,0.15229267125665238,0.3891852796077728,0.4867122769355774,0.29277798533439636,0.3645588755607605,0.7538176774978638,0.30553168058395386,0.3869885504245758,0.4865683317184448,0.24124766886234283,0.34857484698295593,0.7594995498657227,0.3000238537788391,-0.4898706078529358,-0.032099783420562744,-11.491260528564453,-3.5644383430480957,1.2670575380325317,-1.2282453775405884
minimal-test-000255,5.523378849029541,0.47779102926165046,0.22029061615467072,0.16338098049163818,0.7205291390419006,0.897230327129364,0.6553968191146851,0.34962767362594604,0.21648186445236206,0.15719002485275269,0.6829574704170227,0.8175652623176575,0.6438528299331665,0.3397970199584961,-0.8493516445159912,-1.3805830478668213,-8.3784818649292,-17.765310287475586,-2.5743095874786377,-2.1922357082366943
minimal-test-000256,6.9735541343688965,0.5288758168864282,0.2736069858074188,0.5174766182899475,0.6548183560371399,0.885209321975708,0.6305890679359436,0.1858104020357132,0.2847982943058014,0.48318570852279663,0.6007885336875916,0.8210713267326355,0.6412719488143921,0.17251406610012054,2.495661735534668,-7.6468729972839355,-12.048650741577148,-14.302772521972656,2.3822824954986572,-2.965082883834839
minimal-test-000257,5.689143180847168,0.48451211261999627,0.22745844721794128,0.24253234267234802,0.14868871867656708,0.7245897054672241,0.7684558033943176,0.40341150760650635,0.21806445717811584,0.22329002618789673,0.08706074953079224,0.6678543090820312,0.7729705572128296,0.4049682021141052,-2.0948598384857178,-4.291036605834961,-13.743037223815918,-12.651993751525879,1.0067901611328125,0.34714287519454956
minimal-test-000258,4.188789367675781,0.316687861373947,0.15669715404510498,0.4225471019744873,0.2038658857345581,0.10177074372768402,0.751919150352478,0.3807806670665741,0.1548939347267151,0.4081369638442993,0.18146966397762299,0.045875776559114456,0.7581978440284729,0.36886104941368103,-0.40211790800094604,-3.213460922241211,-4.994357585906982,-12.464577674865723,1.400148630142212,-2.6580748558044434
minimal-test-000259,3.2663912773132324,0.24968183368914726,0.31567004323005676,0.44975343346595764,0.5905780792236328,0.8211861848831177,0.6968279480934143,0.5944534540176392,0.3104456961154938,0.4316789209842682,0.5845453143119812,0.7990227341651917,0.7156541347503662,0.5768897533416748,-1.1650294065475464,-4.030616283416748,-1.345306634902954,-4.942449569702148,4.198239803314209,-3.9167051315307617
minimal-test-000260,7.521811008453369,0.09441949265674424,0.19397465884685516,0.39102980494499207,0.45060521364212036,0.7297065854072571,0.5947333574295044,0.7274101972579956,0.19864730536937714,0.38072437047958374,0.40619784593582153,0.6521496772766113,0.6247392296791077,0.691977858543396,1.0420001745224,-2.298111915588379,-9.902843475341797,-17.295190811157227,6.691309452056885,-7.901411533355713
minimal-test-000261,5.364240646362305,0.21932104929949575,0.33070188760757446,0.8453364968299866,0.43027278780937195,0.48749393224716187,0.7234325408935547,0.5356156826019287,0.33171990513801575,0.8313509225845337,0.3881291151046753,0.41731247305870056,0.7335598468780518,0.5287423729896545,0.22701790928840637,-3.1187829971313477,-9.398038864135742,-15.65046501159668,2.2583892345428467,-1.5327479839324951
minimal-test-000262,4.874474048614502,0.09756205212116618,0.25052371621131897,0.32786279916763306,0.4425875246524811,0.408722847700119,0.8465376496315002,0.2748371958732605,0.2502642869949341,0.33946049213409424,0.5248932838439941,0.37622952461242676,0.845154881477356,0.2779499888420105,-0.057852715253829956,2.5862855911254883,18.354185104370117,-7.246011257171631,-0.308357298374176,0.69415283203125
minimal-test-000263,3.6004691123962402,0.28131801180868843,0.15571480989456177,0.4107990264892578,0.41775551438331604,0.1498112827539444,0.8191289305686951,0.4646085500717163,0.1502874344587326,0.40159836411476135,0.4349909722805023,0.11467739939689636,0.8276453018188477,0.4432486891746521,-1.2103047370910645,-2.0517477989196777,3.8435070514678955,-7.834856033325195,1.8991508483886719,-4.763248920440674
minimal-test-000264,5.990631580352783,0.3329209526233494,0.25120264291763306,0.3177134394645691,0.8133955597877502,0.4629211723804474,0.6277257800102234,0.7580608129501343,0.239437073469162,0.3367505669593811,0.7884788513183594,0.383260577917099,0.6465336680412292,0.7510657906532288,-2.6237220764160156,4.245279312133789,-5.556426048278809,-17.764312744140625,4.194159030914307,-1.5598900318145752
minimal-test-000265,6.317795753479004,0.17201920681816021,0.23635269701480865,0.28612956404685974,0.3231189250946045,0.13193361461162567,0.5986591577529907,0.6227977275848389,0.22770358622074127,0.30434176325798035,0.2559048533439636,0.08011745661497116,0.6079432368278503,0.6079878211021423,-1.9287517070770264,4.0613203048706055,-14.988738059997559,-11.55500316619873,2.07034969329834,-3.3026092052459717
minimal-test-000266,5.36406135559082,0.2023222595618938,0.16401976346969604,0.1824500858783722,0.7308304905891418,0.8530364036560059,0.8361130952835083,0.6792634129524231,0.1653514951467514,0.1668938249349594,0.714016318321228,0.7844630479812622,0.8649519681930542,0.666053295135498,0.29697614908218384,-3.469046115875244,-3.7495603561401367,-15.291858673095703,6.431068420410156,-2.9458563327789307
minimal-test-000267,3.2330520153045654,0.19400715783011654,0.23803672194480896,0.7587886452674866,0.15477634966373444,0.5598955154418945,0.8458439111709595,0.7923049926757812,0.23072689771652222,0.7641765475273132,0.12502457201480865,0.5305331945419312,0.8564237356185913,0.796901285648346,-1.6300908327102661,1.2015022039413452,-6.634646415710449,-6.547797679901123,2.3593008518218994,1.0249733924865723
minimal-test-000268,3.0196757316589355,0.20622179075091165,0.2925450801849365,0.36155015230178833,0.508331298828125,0.6751428246498108,0.6545031666755676,0.512703001499176,0.28122013807296753,0.3687364161014557,0.5097815990447998,0.640975296497345,0.664607584476471,0.4956895709037781,-2.5254621505737305,1.6025367975234985,0.32341694831848145,-7.619359016418457,2.2532851696014404,-3.793994903564453
minimal-test-000269,3.367335319519043,0.22036446097796936,0.23229078948497772,0.23594987392425537,0.5434604287147522,0.8228482604026794,0.7025173306465149,0.6697694063186646,0.2297365963459015,0.22545722126960754,0.5363768935203552,0.7859148979187012,0.7193188667297363,0.6530337333679199,-0.5695850849151611,-2.3398616313934326,-1.579628348350525,-8.236140251159668,3.7467424869537354,-3.732055187225342
minimal-test-000270,3.426483392715454,0.09740406601353123,0.35968971252441406,0.3774023652076721,0.3990103006362915,0.2730359733104706,0.7372377514839172,0.8240522742271423,0.35311368107795715,0.36746641993522644,0.40724292397499084,0.3049758970737457,0.7557182908058167,0.8070249557495117,-1.4664549827575684,-2.2157158851623535,1.8358750343322754,7.122602939605713,4.121160507202148,-3.7970919609069824
minimal-test-000271,3.9175539016723633,0.12736337672308778,0.2584666907787323,0.5312841534614563,0.4917130768299103,0.532620906829834,0.6968677639961243,0.2491086721420288,0.2598753571510315,0.5233108997344971,0.46555161476135254,0.49643588066101074,0.7107402086257935,0.2293044924736023,0.31413260102272034,-1.7780356407165527,-5.834005832672119,-8.069260597229004,3.093555212020874,-4.416332244873047
minimal-test-000272,5.372368335723877,0.15989483451529407,0.43204033374786377,0.3229878842830658,0.6363227963447571,0.3340182602405548,0.8034823536872864,0.8436499834060669,0.411176860332489,0.3210945129394531,0.6742035150527954,0.3593412935733795,0.808685839176178,0.7902660369873047,-4.652554512023926,-0.4222218096256256,8.447400093078613,5.647036552429199,1.1603772640228271,-11.904620170593262
minimal-test-000273,4.456327438354492,0.3857569711804875,0.32430902123451233,0.2929665148258209,0.6878249049186707,0.13980872929096222,0.6912590861320496,0.8188430070877075,0.32226765155792236,0.31688347458839417,0.6618184447288513,0.12843994796276093,0.7063061594963074,0.7773224711418152,-0.4552254378795624,5.333481788635254,-5.799440383911133,-2.535238265991211,3.355497360229492,-9.259079933166504
minimal-test-000274,4.020621299743652,0.371553168640931,0.1871151626110077,0.5556111931800842,0.7406267523765564,0.7894530892372131,0.6416987776756287,0.4313107430934906,0.1822037547826767,0.5503121614456177,0.7117847800254822,0.736805260181427,0.6389786601066589,0.4175529479980469,-1.0952439308166504,-1.1816840171813965,-6.431759834289551,-11.740466117858887,-0.606586217880249,-3.067988395690918
minimal-test-000275,5.476407051086426,0.3614059274958637,0.45797765254974365,0.4201788306236267,0.57513028383255,0.7667067646980286,0.8182713985443115,0.23210763931274414,0.45345011353492737,0.40986523032188416,0.5183744430541992,0.7105377912521362,0.8374459147453308,0.2317008376121521,-1.009641170501709,-2.2999329566955566,-12.6565523147583,-12.525681495666504,4.275917053222656,-0.09071677923202515
minimal-test-000276,9.830269813537598,0.48122408465002164,0.160691499710083,0.8242149949073792,0.8508697152137756,0.7513164281845093,0.5828328728675842,0.32240188121795654,0.13788138329982758,0.7737307548522949,0.7497199773788452,0.7562478184700012,0.6202275156974792,0.3701232969760895,-5.086656093597412,-11.25798511505127,-22.5563907623291,1.0996999740600586,8.339005470275879,10.641875267028809
minimal-test-000277,2.9498729705810547,0.11901475760191163,0.16868264973163605,0.3943711221218109,0.12121876329183578,0.1884150207042694,0.5760618448257446,0.7709698677062988,0.17662347853183746,0.4043440818786621,0.09848777949810028,0.18999406695365906,0.5977261662483215,0.7554892301559448,1.7708048820495605,2.2239699363708496,-5.069009304046631,0.3521273136138916,4.831143856048584,-3.4521822929382324
minimal-test-000278,3.2915310859680176,0.1286864427776784,0.20637519657611847,0.4389358460903168,0.29595592617988586,0.5782967805862427,0.6588468551635742,0.4889014959335327,0.2027672529220581,0.4429464042186737,0.2631560266017914,0.5408320426940918,0.6645975708961487,0.48397397994995117,-0.8045714497566223,0.8943544626235962,-7.314377784729004,-8.354636192321777,1.28240966796875,-1.098836064338684
minimal-test-000279,6.247725486755371,0.6034551104626509,0.16629396378993988,0.5207288861274719,0.6870248317718506,0.8917453289031982,0.64659184217453,0.1815253347158432,0.16286227107048035,0.4841957688331604,0.6505470871925354,0.8258563876152039,0.6501314640045166,0.1592962145805359,-0.7652674913406372,-8.14688491821289,-8.134536743164062,-14.693233489990234,0.7893356680870056,-4.957093715667725
minimal-test-000280,6.899435997009277,0.6289289805346111,0.2340087890625,0.6668298840522766,0.8459165096282959,0.2615794241428375,0.5954205393791199,0.8388893008232117,0.2273591309785843,0.6896576881408691,0.8030102849006653,0.2388315200805664,0.6265887022018433,0.779554009437561,-1.482873797416687,5.090600490570068,-9.56808853149414,-5.072782516479492,6.95050048828125,-13.231769561767578
minimal-test-000281,3.546567440032959,0.2832406016775885,0.2673320770263672,0.23808495700359344,0.5883584022521973,0.8105494976043701,0.7809641361236572,0.5997581481933594,0.27026766538619995,0.2197418063879013,0.590442955493927,0.7841647267341614,0.7948697805404663,0.5679885149002075,0.6546362042427063,-4.090522766113281,0.4648553729057312,-5.883803844451904,3.100958824157715,-7.084628105163574
minimal-test-000282,5.520630836486816,0.515465729207854,0.19782336056232452,0.5475576519966125,0.834629237651825,0.7755347490310669,0.7835121154785156,0.21007195115089417,0.18955273926258087,0.5520859360694885,0.8031197786331177,0.6990111470222473,0.7951954007148743,0.19405004382133484,-1.8443485498428345,1.0098073482513428,-7.026609420776367,-17.06476402282715,2.605372667312622,-3.572885274887085
minimal-test-000283,5.630062580108643,0.18208304909043735,0.3268768787384033,0.6078312397003174,0.6048407554626465,0.8902085423469543,0.8184643983840942,0.768451452255249,0.3211851119995117,0.5909964442253113,0.5319837927818298,0.8586214184761047,0.8236500024795532,0.7491261959075928,-1.2692639827728271,-3.754159450531006,-16.247102737426758,-7.043928623199463,1.1563897132873535,-4.309532165527344
minimal-test-000284,7.594168186187744,0.20423789172097548,0.3536013066768646,0.61190265417099,0.45419585704803467,0.8967570066452026,0.7072309255599976,0.8000272512435913,0.3435039818286896,0.5869750380516052,0.40519046783447266,0.8271967768669128,0.7244139313697815,0.7664734125137329,-2.2517035007476807,-5.558858394622803,-10.928201675415039,-15.511931419372559,3.831810235977173,-7.482505798339844
minimal-test-000285,1.8826905488967896,0.09634307943638734,0.23991602659225464,0.24921733140945435,0.40814462304115295,0.22067880630493164,0.6514203548431396,0.4389073848724365,0.24250173568725586,0.27100133895874023,0.4154721200466156,0.2145664244890213,0.6632241010665894,0.4399493932723999,0.5766131281852722,4.8578338623046875,1.6340317726135254,-1.3630611896514893,2.632235527038574,0.2323678731918335
minimal-test-000286,3.9518351554870605,0.1245844600368875,0.42079877853393555,0.467312753200531,0.3091142773628235,0.38410621881484985,0.8409139513969421,0.2554408609867096,0.4226702153682709,0.4612506926059723,0.2362734079360962,0.3743742108345032,0.834091305732727,0.24644248187541962,0.41733041405677795,-1.351839542388916,-16.243513107299805,-2.1702377796173096,-1.5214500427246094,-2.006638526916504
minimal-test-000287,4.581582546234131,0.43872927062966954,0.3194091320037842,0.7570498585700989,0.21026448905467987,0.30219730734825134,0.8022959232330322,0.43394550681114197,0.32977190613746643,0.7612602114677429,0.15262582898139954,0.27013880014419556,0.8100795745849609,0.42272818088531494,2.310898542404175,0.9389086961746216,-12.853421211242676,-7.149046897888184,1.7357542514801025,-2.5014636516571045
minimal-test-000288,6.862990379333496,0.21313509103836578,0.21865372359752655,0.5355835556983948,0.22356559336185455,0.2828809916973114,0.6596867442131042,0.8289068937301636,0.2105960249900818,0.5307161211967468,0.14053653180599213,0.21520471572875977,0.6765010356903076,0.8246971964836121,-1.796866774559021,-1.0854378938674927,-18.515480041503906,-15.091809272766113,3.749587059020996,-0.9387624859809875
minimal-test-000289,4.336947917938232,0.11436157173319766,0.2824041247367859,0.2864019274711609,0.27407196164131165,0.444839745759964,0.7676050066947937,0.8046973347663879,0.26410722732543945,0.27691709995269775,0.34051260352134705,0.44006603956222534,0.7712064981460571,0.7906057238578796,-4.0802083015441895,-2.115116596221924,14.816263198852539,-1.064536452293396,0.8031325936317444,-3.1424293518066406
minimal-test-000290,5.2837910652160645,0.11432517279692865,0.3874681293964386,0.8192801475524902,0.27747485041618347,0.7319702506065369,0.809454619884491,0.6978338360786438,0.3698560893535614,0.8156388401985168,0.23341627418994904,0.6963204741477966,0.8189548850059509,0.6661310195922852,-3.9274849891662598,-0.8120115399360657,-9.82506275177002,-7.949900150299072,2.1185591220855713,-7.069727897644043
minimal-test-000291,2.7915186882019043,0.18075013393998565,0.17896011471748352,0.4465674161911011,0.8202284574508667,0.6672767996788025,0.7765346765518188,0.48348289728164673,0.174509659409523,0.4385722875595093,0.8058316111564636,0.6370742917060852,0.7806262373924255,0.4695112705230713,-0.992451548576355,-1.7829136848449707,-3.210496664047241,-6.735159397125244,0.9124180674552917,-3.1156728267669678
minimal-test-000292,2.3206732273101807,0.3470783185231744,0.15282343327999115,0.22695918381214142,0.6073052287101746,0.24978505074977875,0.5846549272537231,0.7913546562194824,0.14669150114059448,0.24460896849632263,0.592570424079895,0.25628167390823364,0.5697843432426453,0.7887987494468689,-1.3674209117889404,3.9359018802642822,-3.2858614921569824,1.448746919631958,-3.3161401748657227,-0.5699672102928162
minimal-test-000293,2.74916934967041,0.2222967352110583,0.2732350528240204,0.43741706013679504,0.23771950602531433,0.6698303818702698,0.8414332866668701,0.7356299161911011,0.2660665214061737,0.4394712448120117,0.25598862767219543,0.6357074975967407,0.8508249521255493,0.7385922074317932,-1.5985825061798096,0.4580831825733185,4.074014186859131,-7.609403133392334,2.094341278076172,0.6605909466743469
minimal-test-000294,3.5644304752349854,0.23321825075178315,0.1949324607849121,0.37984955310821533,0.42445945739746094,0.1466234177350998,0.6686323285102844,0.37983328104019165,0.19515344500541687,0.3757556676864624,0.3861244022846222,0.1157350093126297,0.6818985939025879,0.37073391675949097,0.049279481172561646,-0.9129364490509033,-8.548717498779297,-6.888114929199219,2.9583771228790283,-2.029158115386963
minimal-test-000295,3.0554351806640625,0.1785781228431311,0.3094390630722046,0.2785455882549286,0.5177088975906372,0.2306147962808609,0.7450476288795471,0.6950761079788208,0.31356140971183777,0.2767067849636078,0.4959861636161804,0.20462562143802643,0.7675153017044067,0.6890078186988831,0.9192832708358765,-0.4100531339645386,-4.844169616699219,-5.795586109161377,5.01029109954834,-1.3532285690307617
minimal-test-000296,10.516228675842285,0.08223902026344906,0.16980460286140442,0.16608040034770966,0.7559962868690491,0.3737735152244568,0.8275054693222046,0.30480828881263733,0.18280939757823944,0.148606076836586,0.5945128798484802,0.3106466829776764,0.8523579239845276,0.307814359664917,2.900069236755371,-3.8967740535736084,-36.010799407958984,-14.07728385925293,5.542097568511963,0.6703537702560425
minimal-test-000297,3.366503953933716,0.5373826856853511,0.41055604815483093,0.6856912970542908,0.3959222137928009,0.10191544890403748,0.8171077370643616,0.8466797471046448,0.4083257019519806,0.6678283214569092,0.38791197538375854,0.111654132604599,0.8326420783996582,0.8094777464866638,-0.4973672032356262,-3.98344349861145,-1.7862831354141235,2.1717264652252197,3.464158058166504,-8.296046257019043
minimal-test-000298,2.0978503227233887,0.09693360400899939,0.25953343510627747,0.4286617636680603,0.3639605641365051,0.48355454206466675,0.6387142539024353,0.23110049962997437,0.2501143515110016,0.42906227707862854,0.3652413785457611,0.4484878182411194,0.6452569365501404,0.2273659110069275,-2.1004557609558105,0.08931449055671692,0.28562161326408386,-7.819879531860352,1.4590182304382324,-0.8328132629394531
minimal-test-000299,3.7779695987701416,0.4237645305780506,0.30627328157424927,0.3276051878929138,0.6062814593315125,0.7030983567237854,0.7496463656425476,0.2456596940755844,0.3130367398262024,0.33382493257522583,0.584973931312561,0.6757149696350098,0.7628466486930847,0.2188846915960312,1.5082511901855469,1.3870030641555786,-4.7515788078308105,-6.106495380401611,2.9436631202697754,-5.970825672149658
minimal-test-000300,6.5094757080078125,0.08488628772283655,0.18871434032917023,0.3755386173725128,0.6592918634414673,0.28564634919166565,0.7805789709091187,0.3692484200000763,0.17980167269706726,0.3780210316181183,0.5419940948486328,0.25385162234306335,0.7914912700653076,0.3655054569244385,-1.9875248670578003,0.5535783767700195,-26.15740203857422,-7.090224266052246,2.4334425926208496,-0.8346807956695557
minimal-test-000301,5.049950122833252,0.5107028566207339,0.31103459000587463,0.6568984389305115,0.7600693702697754,0.19373919069766998,0.8305836319923401,0.7156776785850525,0.32012617588043213,0.6661636829376221,0.7227213382720947,0.1611364185810089,0.8582199811935425,0.6957485675811768,2.027423620223999,2.0661494731903076,-8.328611373901367,-7.270418167114258,6.162905693054199,-4.444191932678223
minimal-test-000302,5.8037109375,0.26151491172295926,0.20904436707496643,0.6508017778396606,0.6961997747421265,0.5125204920768738,0.579266369342804,0.7517045140266418,0.20231740176677704,0.6334402561187744,0.6515234112739563,0.4697515368461609,0.6006758809089661,0.7284941673278809,-1.5001132488250732,-3.87161922454834,-9.962828636169434,-9.537477493286133,4.77432107925415,-5.175907135009766
minimal-test-000303,6.960734844207764,0.458701210869455,0.3660281300544739,0.16689004004001617,0.6332498788833618,0.8912553191184998,0.7348749041557312,0.40919220447540283,0.3851858377456665,0.1360754668712616,0.5891386270523071,0.8219298124313354,0.749649703502655,0.4000917077064514,4.2721686363220215,-6.871649742126465,-9.836809158325195,-15.459588050842285,3.2947802543640137,-2.0294108390808105
minimal-test-000304,5.703124046325684,0.1801684313853936,0.20325928926467896,0.8370534777641296,0.14139579236507416,0.6678386330604553,0.6281812191009521,0.6825172305107117,0.20731458067893982,0.8126218914985657,0.1251099705696106,0.6143115758895874,0.6541993618011475,0.6533878445625305,0.9043300151824951,-5.448243618011475,-3.6317381858825684,-11.93653392791748,5.802045822143555,-6.495852947235107
minimal-test-000305,8.277209281921387,0.3478095516726634,0.36280161142349243,0.5931223630905151,0.8594509363174438,0.515200138092041,0.7144317626953125,0.8380566835403442,0.34199148416519165,0.5817946791648865,0.7971572875976562,0.454504132270813,0.7394986748695374,0.7955458760261536,-4.640658378601074,-2.526073455810547,-13.891483306884766,-13.535209655761719,5.589921474456787,-9.479909896850586
minimal-test-000306,4.721033096313477,0.16024485432082616,0.2714259922504425,0.7598630785942078,0.5656481981277466,0.6587346792221069,0.6493531465530396,0.3099413514137268,0.2638254463672638,0.7332918643951416,0.5577415823936462,0.5920194387435913,0.6516971588134766,0.29405567049980164,-1.6949217319488525,-5.925380706787109,-1.7631752490997314,-14.877498626708984,0.5227147340774536,-3.5425069332122803
minimal-test-000307,4.822935581207275,0.3195426840699487,0.3492337465286255,0.18681734800338745,0.753113329410553,0.19227977097034454,0.8232473134994507,0.8173255920410156,0.3665372133255005,0.1712648719549179,0.7662522792816162,0.180628702044487,0.8474386930465698,0.7693978548049927,3.858673095703125,-3.4682021141052246,2.929985761642456,-2.5981884002685547,5.394677639007568,-10.687885284423828
minimal-test-000308,5.374344348907471,0.14943288994277898,0.22172240912914276,0.30142146348953247,0.6964877247810364,0.48370444774627686,0.8258795738220215,0.7750017642974854,0.22128601372241974,0.2928055226802826,0.6594508290290833,0.41950133442878723,0.8368211984634399,0.7516345381736755,-0.09731617569923401,-1.9213547706604004,-8.259227752685547,-14.317294120788574,2.4399824142456055,-5.210891246795654
minimal-test-000309,4.904796600341797,0.10381743273064901,0.41049817204475403,0.6030775904655457,0.6213006377220154,0.5408944487571716,0.8134704232215881,0.20537343621253967,0.38455572724342346,0.5909401178359985,0.612671971321106,0.46553489565849304,0.8191362619400024,0.2096070796251297,-5.785165309906006,-2.7066564559936523,-1.9241926670074463,-16.805179595947266,1.2634820938110352,0.9441024661064148
minimal-test-000310,5.27073335647583,0.3125945212419811,0.4436189830303192,0.7862313389778137,0.38835635781288147,0.28199324011802673,0.8161420226097107,0.18513108789920807,0.43060216307640076,0.755382239818573,0.32400083541870117,0.27661383152008057,0.8191854357719421,0.2103002816438675,-2.9027509689331055,-6.879349231719971,-14.35128116607666,-1.1996080875396729,0.6786811351776123,5.612730026245117
minimal-test-000311,6.626674175262451,0.13581110656013945,0.15667285025119781,0.497101366519928,0.2258102148771286,0.37625253200531006,0.5491455793380737,0.6174973249435425,0.17502880096435547,0.49673140048980713,0.20636819303035736,0.31175723671913147,0.5949320197105408,0.5876508355140686,4.093377113342285,-0.08250242471694946,-4.335570812225342,-14.382451057434082,10.210375785827637,-6.65576696395874
minimal-test-000312,4.740268707275391,0.3247283466373908,0.2714090347290039,0.4321989417076111,0.8406234979629517,0.14066939055919647,0.7792916297912598,0.46233007311820984,0.26939857006073,0.4405006170272827,0.7923754453659058,0.1024508997797966,0.7966389060020447,0.44891518354415894,-0.44833362102508545,1.851273536682129,-10.759315490722656,-8.522723197937012,3.8684425354003906,-2.991520404815674
minimal-test-000313,3.3939366340637207,0.10656398167917258,0.24234667420387268,0.47740817070007324,0.5543598532676697,0.26930132508277893,0.740500807762146,0.3232474625110626,0.24420493841171265,0.4746074080467224,0.5105058550834656,0.24512560665607452,0.7457882165908813,0.309906929731369,0.4143929183483124,-0.6245700716972351,-9.779441833496094,-5.391185283660889,1.1790921688079834,-2.9749388694763184
minimal-test-000314,4.924776077270508,0.23755731072831393,0.42910340428352356,0.7082866430282593,0.5836829543113708,0.3773709833621979,0.8483594655990601,0.5182044506072998,0.4222240447998047,0.6919997930526733,0.546787679195404,0.3196139335632324,0.8412938117980957,0.5105834603309631,-1.5340971946716309,-3.631967544555664,-8.227645874023438,-12.87982177734375,-1.5756407976150513,-1.6994807720184326
minimal-test-000315,6.818263053894043,0.12576539100640174,0.18702512979507446,0.6762852668762207,0.6346643567085266,0.8056873679161072,0.5560768246650696,0.6792801022529602,0.19132807850837708,0.6662358045578003,0.6042473912239075,0.7230581045150757,0.5996068120002747,0.6667577028274536,0.9595575332641602,-2.241030216217041,-6.782983303070068,-18.42632484436035,9.70718765258789,-2.792495012283325
minimal-test-000316,3.438345432281494,0.13263963747144764,0.2818225920200348,0.7479581236839294,0.36749449372291565,0.6212223172187805,0.8368842601776123,0.7884975671768188,0.2788189649581909,0.7447123527526855,0.33637237548828125,0.5826873183250427,0.8451579809188843,0.7801662683486938,-0.6698088645935059,-0.7238069176673889,-6.940232276916504,-8.593304634094238,1.84503972530365,-1.857879638671875
minimal-test-000317,8.818902015686035,0.10111400795001944,0.24079111218452454,0.20166990160942078,0.19628755748271942,0.3016309440135956,0.7847130298614502,0.774196207523346,0.2328929603099823,0.18611595034599304,0.30735477805137634,0.3853541314601898,0.7977180480957031,0.7681638598442078,-1.7612879276275635,-3.4685311317443848,24.767990112304688,18.670270919799805,2.9001190662384033,-1.345213532447815
minimal-test-000318,4.451749324798584,0.38185499426135544,0.28210100531578064,0.4791383445262909,0.6084644198417664,0.8148337602615356,0.6413950324058533,0.42326924204826355,0.2775556445121765,0.4755989909172058,0.5856910347938538,0.7476298213005066,0.6475437879562378,0.4077020287513733,-1.0136154890060425,-0.7892758846282959,-5.078464984893799,-14.986478805541992,1.3711724281311035,-3.4714884757995605
minimal-test-000319,6.84960412979126,0.19961064414652419,0.25830814242362976,0.7170116305351257,0.36262941360473633,0.8914957642555237,0.7401453852653503,0.28627583384513855,0.27078747749328613,0.7128649950027466,0.2779456079006195,0.8850816488265991,0.7612724900245667,0.2308325469493866,2.7828917503356934,-0.9246997237205505,-18.884489059448242,-1.4303476810455322,4.711344242095947,-12.363853454589844
minimal-test-000320,2.9082980155944824,0.15824706000656108,0.16228099167346954,0.7194566130638123,0.7245175838470459,0.3031134307384491,0.714090883731842,0.48012590408325195,0.15877796709537506,0.7178195118904114,0.7391566038131714,0.26654037833213806,0.7121968269348145,0.4601219892501831,-0.7811744809150696,-0.365073561668396,3.2645015716552734,-8.155790328979492,-0.4223746657371521,-4.460873126983643
minimal-test-000321,2.942084789276123,0.14729616990954073,0.31535857915878296,0.6190558671951294,0.6997421383857727,0.37317249178886414,0.8073074221611023,0.49846163392066956,0.31631937623023987,0.6096363067626953,0.7003315687179565,0.3262196183204651,0.8130871653556824,0.4830048084259033,0.21425774693489075,-2.10056209564209,0.13144296407699585,-10.470490455627441,1.2888827323913574,-3.4468719959259033
minimal-test-000322,5.364646911621094,0.20169760283514393,0.2594774067401886,0.8012791275978088,0.4561176300048828,0.5670099854469299,0.8073256015777588,0.7171244621276855,0.2646767497062683,0.7815502285957336,0.41428086161613464,0.5124351978302002,0.8103811740875244,0.6971795558929443,1.1594535112380981,-4.399544715881348,-9.329599380493164,-12.170177459716797,0.6813926696777344,-4.447713851928711
minimal-test-000323,5.930247783660889,0.15354904404943023,0.222801074385643,0.7072826623916626,0.2607421576976776,0.8576064109802246,0.6764942407608032,0.65784752368927,0.2195804864168167,0.6958044767379761,0.1845884919166565,0.8112058639526367,0.6885966658592224,0.6476446986198425,-0.7181911468505859,-2.5596354007720947,-16.982267379760742,-10.347322463989258,2.698840856552124,-2.2752299308776855
minimal-test-000324,7.217779159545898,0.28576260370334466,0.3181571364402771,0.7577784657478333,0.2379024177789688,0.47827357053756714,0.6817705631256104,0.7237787246704102,0.3244273066520691,0.7445176243782043,0.16723968088626862,0.4297904968261719,0.6918514966964722,0.6783361434936523,1.3982479572296143,-2.957167625427246,-15.757790565490723,-10.811725616455078,2.2480483055114746,-10.133695602416992
minimal-test-000325,5.920346260070801,0.08780344522400887,0.3240072727203369,0.36048659682273865,0.7234956622123718,0.1395365595817566,0.7587613463401794,0.22042271494865417,0.3258632719516754,0.39409539103507996,0.6311100721359253,0.13175520300865173,0.7717897891998291,0.23105435073375702,0.4138878285884857,7.494760990142822,-20.601985931396484,-1.735242486000061,2.9053428173065186,2.3708548545837402
minimal-test-000326,8.567827224731445,0.523068752486632,0.37148144841194153,0.32559263706207275,0.8895455002784729,0.13642732799053192,0.781775176525116,0.8406117558479309,0.3897768557071686,0.36409807205200195,0.8638296127319336,0.11263159662485123,0.8309850692749023,0.765609622001648,4.079875946044922,8.586711883544922,-5.73464298248291,-5.306447982788086,10.973806381225586,-16.725475311279297
minimal-test-000327,5.445545673370361,0.25405605625424943,0.2983669936656952,0.7620153427124023,0.46689608693122864,0.4066353738307953,0.8062860369682312,0.5316894054412842,0.302478164434433,0.7490467429161072,0.408241868019104,0.356279194355011,0.8134021162986755,0.518378734588623,0.9167910814285278,-2.891997814178467,-13.079891204833984,-11.2294282913208,1.586885690689087,-2.9682796001434326
minimal-test-000328,3.894399404525757,0.3110233773047895,0.31176629662513733,0.3070390224456787,0.6625492572784424,0.6140508651733398,0.6683928370475769,0.302939772605896,0.2994760274887085,0.30916839838027954,0.6321496963500977,0.5671910643577576,0.6738938093185425,0.3105418384075165,-2.740730047225952,0.4748508334159851,-6.779102325439453,-10.449735641479492,1.2267167568206787,1.6952606439590454
minimal-test-000329,8.776094436645508,0.2697729052135224,0.46751701831817627,0.4969410300254822,0.10830524563789368,0.737464427947998,0.8325936794281006,0.5276354551315308,0.40174782276153564,0.5127077698707581,0.17380087077617645,0.6513329148292542,0.8317830562591553,0.5254810452461243,-14.66653060913086,3.5159831047058105,14.605524063110352,-19.207326889038086,-0.1807689666748047,-0.4804334044456482
minimal-test-000330,6.989828586578369,0.14994701549574058,0.3528333306312561,0.7555972337722778,0.1788732260465622,0.7351744771003723,0.786500871181488,0.19684390723705292,0.3466847240924835,0.7549764513969421,0.10941056907176971,0.6725292205810547,0.8029254674911499,0.16407866775989532,-1.3711392879486084,-0.13843446969985962,-15.490172386169434,-13.969892501831055,3.662684917449951,-7.306648254394531
minimal-test-000331,6.746365547180176,0.632665061826946,0.20954549312591553,0.321423202753067,0.7995032668113708,0.8833568096160889,0.6137108206748962,0.26938965916633606,0.19575682282447815,0.28709399700164795,0.742438018321991,0.8146130442619324,0.6204667091369629,0.2702234387397766,-3.074873447418213,-7.655412673950195,-12.725550651550293,-15.329859733581543,1.5065631866455078,0.18593284487724304
minimal-test-000332,6.318924427032471,0.41553158647681,0.2796616554260254,0.517929196357727,0.28591954708099365,0.10241057723760605,0.6901122331619263,0.5293755531311035,0.287724107503891,0.5193809866905212,0.22042295336723328,0.04811084270477295,0.706396758556366,0.5049547553062439,1.7979267835617065,0.32374924421310425,-14.605740547180176,-12.108840942382812,3.6314492225646973,-5.44583797454834
minimal-test-000333,3.2826175689697266,0.25006207059724517,0.29120907187461853,0.38774409890174866,0.32561996579170227,0.1396348774433136,0.6420579552650452,0.4573582112789154,0.28411123156547546,0.3886667788028717,0.29666733741760254,0.11299018561840057,0.6510534882545471,0.44165003299713135,-1.5828183889389038,0.20575761795043945,-6.4564361572265625,-5.941766262054443,2.0060038566589355,-3.5029237270355225
minimal-test-000334,5.683069229125977,0.2925204061582686,0.42413556575775146,0.726811945438385,0.17356489598751068,0.5606256723403931,0.7871257066726685,0.38743457198143005,0.4120944142341614,0.6895701885223389,0.12835447490215302,0.5388330817222595,0.7995636463165283,0.363250732421875,-2.6851768493652344,-8.304911613464355,-10.081923484802246,-4.859747886657715,2.773660659790039,-5.392996311187744
minimal-test-000335,2.777400016784668,0.34175156354322234,0.19869424402713776,0.5514305233955383,0.2818385660648346,0.19290782511234283,0.7544704675674438,0.4660953879356384,0.19326826930046082,0.5331107974052429,0.2665185332298279,0.17177653312683105,0.7660457491874695,0.46313944458961487,-1.2099924087524414,-4.085299015045166,-3.416367292404175,-4.712277889251709,2.5812878608703613,-0.6591753959655762
minimal-test-000336,4.421806335449219,0.31801173676756406,0.16932876408100128,0.4927110970020294,0.21115665137767792,0.8332892656326294,0.7645601630210876,0.6528754234313965,0.1568288654088974,0.49366581439971924,0.18547217547893524,0.7674428224563599,0.7708894610404968,0.6605329513549805,-2.787477493286133,0.2129019796848297,-5.727638244628906,-14.683756828308105,1.411433458328247,1.7076287269592285
minimal-test-000337,2.986555337905884,0.10094841603496313,0.30953773856163025,0.3963230848312378,0.5647084712982178,0.2069106549024582,0.6621890068054199,0.2812977433204651,0.30662837624549866,0.41369348764419556,0.54039067029953,0.19133132696151733,0.6730712652206421,0.29059433937072754,-0.648787796497345,3.8735997676849365,-5.422869682312012,-3.4741902351379395,2.426743507385254,2.073140859603882
minimal-test-000338,2.464066982269287,0.17524926680318964,0.36735835671424866,0.5218532681465149,0.688305675983429,0.48116007447242737,0.7843189835548401,0.1716652661561966,0.36711224913597107,0.5223142504692078,0.664021909236908,0.44978880882263184,0.7938705682754517,0.17204932868480682,-0.0548819899559021,0.10279905796051025,-5.415279865264893,-6.995792388916016,2.1300034523010254,0.08564594388008118
minimal-test-000339,3.74006724357605,0.16445377826358668,0.15433621406555176,0.3540657162666321,0.15250474214553833,0.523432731628418,0.77522873878479,0.5142651200294495,0.13966552913188934,0.36148619651794434,0.13452795147895813,0.46833330392837524,0.7715633511543274,0.5160619616508484,-3.2715628147125244,1.6547670364379883,-4.008824348449707,-12.287172317504883,-0.8173814415931702,0.40069568157196045
minimal-test-000340,4.144182205200195,0.5026376930558705,0.34683558344841003,0.7997258305549622,0.555031955242157,0.18212804198265076,0.8187220692634583,0.6194603443145752,0.3571309745311737,0.807674765586853,0.5319006443023682,0.14602817595005035,0.836057722568512,0.6027688384056091,2.295872211456299,1.7726125717163086,-5.158282279968262,-8.050270080566406,3.8658506870269775,-3.722205877304077
minimal-test-000341,4.943753242492676,0.46550822682638465,0.31176650524139404,0.790924072265625,0.18576394021511078,0.3291620910167694,0.8079045414924622,0.5190998911857605,0.31974872946739197,0.7990821003913879,0.14359359443187714,0.2808322608470917,0.8176872134208679,0.502507209777832,1.7800359725952148,1.8192403316497803,-9.403986930847168,-10.777551651000977,2.1815357208251953,-3.7001678943634033
minimal-test-000342,7.413962364196777,0.39879197826579155,0.16740533709526062,0.7372449040412903,0.26316335797309875,0.35011962056159973,0.5320711731910706,0.8267335295677185,0.178588405251503,0.7174631357192993,0.2359432429075241,0.2942991256713867,0.5813729166984558,0.7905619144439697,2.4938242435455322,-4.41133451461792,-6.070085525512695,-12.447970390319824,10.994288444519043,-8.066269874572754
minimal-test-000343,2.2206010818481445,0.3546008658402297,0.16095253825187683,0.29856786131858826,0.6198898553848267,0.2538796067237854,0.6116606593132019,0.7446485161781311,0.14982765913009644,0.3078315258026123,0.6040841341018677,0.24310360848903656,0.6012154221534729,0.7469801306724548,-2.4808480739593506,2.0657970905303955,-3.5246758460998535,-2.403047561645508,-2.3292880058288574,0.5199500322341919
minimal-test-000344,4.931595325469971,0.4532911752673409,0.2429381012916565,0.666982889175415,0.1419149488210678,0.20311325788497925,0.628287136554718,0.4482882618904114,0.23444274067878723,0.6717222929000854,0.0817071720957756,0.16574373841285706,0.635789692401886,0.4339142143726349,-1.894465446472168,1.0568870306015015,-13.426334381103516,-8.333402633666992,1.673069953918457,-3.2054126262664795
minimal-test-000345,13.949563980102539,0.0944324790462538,0.22161582112312317,0.8315293788909912,0.5770738124847412,0.30527177453041077,0.7004013061523438,0.3106426000595093,0.2155870497226715,0.8130751252174377,0.4031468331813812,0.4217311441898346,0.7214023470878601,0.2711884379386902,-1.3444160223007202,-4.115298748016357,-38.78571701049805,25.970439910888672,4.683232307434082,-8.798277854919434
minimal-test-000346,4.3306684494018555,0.31665867988519586,0.21897198259830475,0.6477912068367004,0.522041380405426,0.2233087420463562,0.8163697719573975,0.4640958905220032,0.21118275821208954,0.6420879364013672,0.491847962141037,0.18133515119552612,0.831341564655304,0.44820696115493774,-1.7369970083236694,-1.27182936668396,-6.733132362365723,-9.360111236572266,3.338709831237793,-3.543231248855591
minimal-test-000347,3.9955403804779053,0.09029609019090122,0.2305445671081543,0.4102148711681366,0.25571075081825256,0.5403426289558411,0.6516718864440918,0.7174258828163147,0.22107568383216858,0.4051762819290161,0.2849557399749756,0.5126118659973145,0.6615656614303589,0.691299557685852,-2.1115610599517822,-1.1236053705215454,6.521632671356201,-6.1839599609375,2.2063117027282715,-5.826170444488525
minimal-test-000348,3.9021472930908203,0.16091714234146026,0.26695892214775085,0.6280429363250732,0.6618707180023193,0.45230337977409363,0.7917556166648865,0.6084938049316406,0.25940975546836853,0.6236839890480042,0.6448804140090942,0.4115944504737854,0.8102293610572815,0.5915843844413757,-1.6834641695022583,-0.9720452427864075,-3.7888379096984863,-9.078091621398926,4.119645118713379,-3.770800828933716
minimal-test-000349,5.375388145446777,0.15211896164997715,0.3644081652164459,0.17182490229606628,0.8545437455177307,0.5038093328475952,0.7441080212593079,0.6086355447769165,0.3574484884738922,0.19138596951961517,0.8199151754379272,0.43712595105171204,0.7573076486587524,0.612232506275177,-1.5520079135894775,4.362117767333984,-7.722171306610107,-14.870393753051758,2.943516969680786,0.8021224141120911
minimal-test-000350,4.893065452575684,0.3729996718708327,0.2282019406557083,0.250664085149765,0.3296170234680176,0.8281108736991882,0.5790260434150696,0.5506055355072021,0.20503398776054382,0.23335915803909302,0.29850223660469055,0.7959656119346619,0.5932298898696899,0.5368903279304504,-5.1664533615112305,-3.8589987754821777,-6.938597679138184,-7.168393135070801,3.1674578189849854,-3.0584912300109863
minimal-test-000351,5.656152725219727,0.09275505074722254,0.2530960738658905,0.2840938866138458,0.7832435965538025,0.7301956415176392,0.6573790907859802,0.7295321226119995,0.2552899122238159,0.28555333614349365,0.7469673156738281,0.6523171663284302,0.6883471012115479,0.7329395413398743,0.48922595381736755,0.32545724511146545,-8.089611053466797,-17.366899490356445,6.9058661460876465,0.7598543763160706
minimal-test-000352,4.191071510314941,0.3142600237335611,0.4190524220466614,0.5226588845252991,0.5562112927436829,0.2340918779373169,0.8016379475593567,0.7987737655639648,0.4213354289531708,0.5113869905471802,0.545527458190918,0.18195565044879913,0.8197353482246399,0.7804818749427795,0.5091105699539185,-2.513632297515869,-2.382495164871216,-11.626379013061523,4.035720348358154,-4.079091548919678
minimal-test-000353,1.5328954458236694,0.09899998890908926,0.20651185512542725,0.26187774538993835,0.19380143284797668,0.12815168499946594,0.6468043923377991,0.5947977900505066,0.20564669370651245,0.26093408465385437,0.20046211779117584,0.11538879573345184,0.6609618663787842,0.5889438390731812,-0.19293099641799927,-0.21043634414672852,1.485332727432251,-2.8461244106292725,3.157116651535034,-1.3054311275482178
minimal-test-000354,5.473054885864258,0.3867237744557047,0.3078051805496216,0.6488248109817505,0.5365437865257263,0.3061682879924774,0.8258798122406006,0.7737310528755188,0.30669501423835754,0.6616863012313843,0.494272917509079,0.24960371851921082,0.8447108864784241,0.7581121325492859,-0.2475670874118805,2.868112325668335,-9.426403999328613,-12.613899230957031,4.199329376220703,-3.4830193519592285
minimal-test-000355,4.668204307556152,0.1906041333944691,0.29534387588500977,0.22155927121639252,0.687908411026001,0.1572583168745041,0.7657176852226257,0.3865368366241455,0.30060523748397827,0.24729356169700623,0.6597190499305725,0.11418294906616211,0.7844902873039246,0.3819679021835327,1.173283576965332,5.738746643066406,-6.286227703094482,-9.605807304382324,4.186290264129639,-1.0188723802566528
minimal-test-000356,3.7046236991882324,0.30957408659235214,0.16149725019931793,0.39491185545921326,0.5109204053878784,0.8408836126327515,0.736605703830719,0.5906915664672852,0.15014109015464783,0.39156851172447205,0.466800719499588,0.8224901556968689,0.7499157190322876,0.5815382599830627,-2.532423734664917,-0.74556565284729,-9.838689804077148,-4.101740837097168,2.9681334495544434,-2.041187286376953
minimal-test-000357,4.207295894622803,0.27053806306420325,0.2335420697927475,0.1568930745124817,0.32654350996017456,0.4469546675682068,0.745967447757721,0.24338185787200928,0.22355572879314423,0.17504388093948364,0.3099660277366638,0.3928777277469635,0.7573863863945007,0.2403915822505951,-2.2269539833068848,4.0476298332214355,-3.6967785358428955,-12.059157371520996,2.5464234352111816,-0.6668314933776855
minimal-test-000358,8.426920890808105,0.20095761873458282,0.2872128486633301,0.5552884936332703,0.40844064950942993,0.3827276825904846,0.6654301881790161,0.6740812063217163,0.29362818598747253,0.544001579284668,0.3153575360774994,0.3147220313549042,0.6849849820137024,0.6456937193870544,1.4306201934814453,-2.516981840133667,-20.75753402709961,-15.165260314941406,4.360719203948975,-6.330409526824951
minimal-test-000359,4.806743621826172,0.35832854828775607,0.17078661918640137,0.4281136095523834,0.2841693162918091,0.8672558069229126,0.6340932846069336,0.6279454231262207,0.1575930416584015,0.41109636425971985,0.24866758286952972,0.8229802250862122,0.6426079869270325,0.6171188354492188,-2.9421677589416504,-3.7948455810546875,-7.916886329650879,-9.873455047607422,1.8987786769866943,-2.4143290519714355
minimal-test-000360,3.2716879844665527,0.19041956028737958,0.2619933784008026,0.37187767028808594,0.21101322770118713,0.12714873254299164,0.7605396509170532,0.6438716650009155,0.2573305368423462,0.369007408618927,0.19148820638656616,0.08182989060878754,0.7679867744445801,0.6356682777404785,-1.0398136377334595,-0.6400683522224426,-4.354079723358154,-10.106101989746094,1.6607085466384888,-1.8293553590774536
minimal-test-000361,5.063175678253174,0.41787307731769163,0.4593106806278229,0.30022314190864563,0.1713973730802536,0.6031543016433716,0.8385941982269287,0.6722645163536072,0.44946911931037903,0.3055630624294281,0.13912156224250793,0.5668678879737854,0.8636267185211182,0.6448118090629578,-2.1946682929992676,1.1908023357391357,-7.197505950927734,-8.091870307922363,5.582252025604248,-6.121953964233398
minimal-test-000362,5.863470077514648,0.2607736943720791,0.16964705288410187,0.46294066309928894,0.2811221778392792,0.2270137518644333,0.5903481245040894,0.6802569627761841,0.1666308343410492,0.46734923124313354,0.2168542444705963,0.1668197363615036,0.6046377420425415,0.6686717867851257,-0.672616720199585,0.9831106662750244,-14.331748962402344,-13.42326545715332,3.186584711074829,-2.583494186401367
minimal-test-000363,3.3867409229278564,0.2498276643131111,0.33821505308151245,0.5327755808830261,0.6332905888557434,0.1688404083251953,0.8409853577613831,0.3621864318847656,0.3395991027355194,0.5285845398902893,0.5959938764572144,0.13336920738220215,0.8451195359230042,0.3535405397415161,0.30864307284355164,-0.9346021413803101,-8.317167282104492,-7.910078048706055,0.9219217300415039,-1.9280339479446411
minimal-test-000364,4.687712669372559,0.20367096285664715,0.18396534025669098,0.720421552658081,0.3603578209877014,0.517749547958374,0.771293580532074,0.7237586975097656,0.1886652261018753,0.7127887606620789,0.3061903715133667,0.475332647562027,0.7864376902580261,0.7216930389404297,1.04807448387146,-1.7021126747131348,-12.079340934753418,-9.458969116210938,3.377136468887329,-0.46064186096191406
minimal-test-000365,4.548312187194824,0.08215141356204357,0.41865336894989014,0.4389963150024414,0.7238607406616211,0.4806467294692993,0.7906416654586792,0.5987271070480347,0.3935888409614563,0.42145583033561707,0.6955559253692627,0.45826786756515503,0.7908269762992859,0.5698249936103821,-5.589389801025391,-3.9115281105041504,-6.311973571777344,-4.990486145019531,0.04132431745529175,-6.445171356201172
minimal-test-000366,4.740869998931885,0.3973851043498385,0.28166964650154114,0.6885725855827332,0.8523297905921936,0.7188175320625305,0.8073364496231079,0.23123033344745636,0.27326536178588867,0.69291752576828,0.8088563084602356,0.6710517406463623,0.8283310532569885,0.22865639626979828,-1.8741555213928223,0.9689216613769531,-9.694586753845215,-10.651771545410156,4.681796550750732,-0.5739879608154297
minimal-test-000367,4.188652992248535,0.43739777235332544,0.18200740218162537,0.7502753138542175,0.7437400221824646,0.8508618474006653,0.6076715588569641,0.39454615116119385,0.17008906602859497,0.7402299046516418,0.7118794322013855,0.815456748008728,0.6191979050636292,0.3826027512550354,-2.6577889919281006,-2.240126132965088,-7.104911804199219,-7.895337104797363,2.5703752040863037,-2.6633782386779785
minimal-test-000368,5.0672149658203125,0.15969397827925963,0.18242813646793365,0.749097466468811,0.18572312593460083,0.5247869491577148,0.6818556189537048,0.27062690258026123,0.17869853973388672,0.7425772547721863,0.18046005070209503,0.4364033639431,0.6841688752174377,0.24049900472164154,-0.8317000865936279,-1.4540071487426758,-1.1736657619476318,-19.70953941345215,0.515856146812439,-6.7185211181640625
minimal-test-000369,2.561415433883667,0.2519632527554753,0.24688467383384705,0.40906822681427,0.19308824837207794,0.6648784279823303,0.8202198147773743,0.7052788138389587,0.2371385395526886,0.4064027667045593,0.20846877992153168,0.6298177242279053,0.82618647813797,0.7051813006401062,-2.1733880043029785,-0.5943976044654846,3.429858446121216,-7.818536758422852,1.3305659294128418,-0.02174544334411621
minimal-test-000370,4.843155860900879,0.22226963750834294,0.2397012561559677,0.49998971819877625,0.23903578519821167,0.27093130350112915,0.664384126663208,0.6044492125511169,0.2347792685031891,0.48566532135009766,0.1824144423007965,0.24044376611709595,0.6720119714736938,0.5881232023239136,-1.09760320186615,-3.194340467453003,-12.626559257507324,-6.798720836639404,1.7010093927383423,-3.640700340270996
minimal-test-000371,5.4376115798950195,0.5338315992732728,0.3271818459033966,0.5864927768707275,0.8028944134712219,0.2632279098033905,0.6910909414291382,0.8315016627311707,0.33727869391441345,0.5908684134483337,0.7723316550254822,0.2236124873161316,0.7172797322273254,0.7960376739501953,2.2515971660614014,0.9757669568061829,-6.815495014190674,-8.83423900604248,5.840100288391113,-7.9084696769714355
minimal-test-000372,3.999688148498535,0.27040814989367656,0.16387906670570374,0.2466834932565689,0.24642372131347656,0.5060251951217651,0.6455906629562378,0.15174904465675354,0.1584477424621582,0.26305341720581055,0.216535747051239,0.4773236811161041,0.6616478562355042,0.14058203995227814,-1.211185336112976,3.6504931449890137,-6.665018081665039,-6.400437831878662,3.580754041671753,-2.4902420043945312
minimal-test-000373,5.246088027954102,0.4438016033603576,0.2776529788970947,0.6191572546958923,0.41779568791389465,0.15953285992145538,0.8211076855659485,0.5660090446472168,0.2787592113018036,0.6242929100990295,0.35420504212379456,0.10505209118127823,0.8290101885795593,0.5570744872093201,0.2466898262500763,1.1452511548995972,-14.180713653564453,-12.149211883544922,1.7622581720352173,-1.9924063682556152
minimal-test-000374,3.460660696029663,0.32514382189631347,0.2085571140050888,0.23239655792713165,0.686713457107544,0.3613956868648529,0.5651827454566956,0.7637772560119629,0.19724427163600922,0.2541619539260864,0.6567782163619995,0.3413276672363281,0.5673682689666748,0.7559323310852051,-2.522763729095459,4.8536834716796875,-6.675558567047119,-4.475168228149414,0.4873717427253723,-1.7494182586669922
minimal-test-000375,4.782423496246338,0.33662297701857735,0.2374354749917984,0.41353872418403625,0.6023016571998596,0.1584715098142624,0.7899152040481567,0.5530245304107666,0.23702123761177063,0.41789814829826355,0.5646952986717224,0.106532521545887,0.8030884265899658,0.5318416953086853,-0.09237493574619293,0.9721515774726868,-8.386218070983887,-11.58239459991455,2.937628746032715,-4.723772048950195
minimal-test-000376,4.797435760498047,0.2696033684956449,0.17010465264320374,0.8023160696029663,0.7929482460021973,0.701187252998352,0.7024629712104797,0.4362112879753113,0.15789957344532013,0.8190845251083374,0.7359734177589417,0.6933165192604065,0.7134981751441956,0.4119865894317627,-2.7217326164245605,3.739365577697754,-12.705387115478516,-1.755173683166504,2.460850477218628,-5.4021077156066895
minimal-test-000377,3.7373054027557373,0.21177866204507995,0.25585588812828064,0.26089438796043396,0.821543276309967,0.30570733547210693,0.6660051345825195,0.46487656235694885,0.23699826002120972,0.2485644519329071,0.8065106272697449,0.27625808119773865,0.671393632888794,0.44537922739982605,-4.205251216888428,-2.749575614929199,-3.352280616760254,-6.567183494567871,1.2016351222991943,-4.34790563583374
minimal-test-000378,2.438600540161133,0.283140760257636,0.16460901498794556,0.5005288124084473,0.35106053948402405,0.27404311299324036,0.7939310073852539,0.7846141457557678,0.15790550410747528,0.5061651468276978,0.3335244953632355,0.25205931067466736,0.8043174743652344,0.7812477350234985,-1.4948829412460327,1.2569025754928589,-3.9105377197265625,-4.902388095855713,2.3161821365356445,-0.750709593296051
minimal-test-000379,6.079246997833252,0.22564314379159803,0.350784569978714,0.7771195769309998,0.5055205821990967,0.5139032602310181,0.8375383019447327,0.674521803855896,0.351658433675766,0.7653431296348572,0.4391433596611023,0.4577941298484802,0.8532919883728027,0.6618449687957764,0.19487160444259644,-2.626147747039795,-14.802120208740234,-12.512335777282715,3.5130720138549805,-2.826934337615967
minimal-test-000380,6.215948581695557,0.5859164293301354,0.27200648188591003,0.3272193670272827,0.4284432828426361,0.8970211148262024,0.7167345285415649,0.265383780002594,0.25543445348739624,0.31495893001556396,0.38889095187187195,0.8301169872283936,0.719306230545044,0.23599915206432343,-3.6955623626708984,-2.7340774536132812,-8.820169448852539,-14.919620513916016,0.5734895467758179,-6.552772045135498
minimal-test-000381,4.5397047996521,0.15061041517420895,0.422256737947464,0.8168386816978455,0.2239801287651062,0.7803162932395935,0.8315266370773315,0.4982661008834839,0.4038309156894684,0.8000585436820984,0.16813218593597412,0.7678369879722595,0.8317623734474182,0.47989052534103394,-4.1089582443237305,-3.7419707775115967,-12.45409107208252,-2.7828850746154785,0.05256921052932739,-4.097753524780273
minimal-test-000382,6.097658157348633,0.2585611828598428,0.21126198768615723,0.8406631350517273,0.5199695825576782,0.2370230108499527,0.5861542224884033,0.5205154418945312,0.20936156809329987,0.8275637030601501,0.48753657937049866,0.1943548023700714,0.6090855002403259,0.46948522329330444,-0.4237935543060303,-2.921173334121704,-7.232559680938721,-9.515010833740234,5.113675117492676,-11.379738807678223
minimal-test-000383,6.037092208862305,0.33552114004219985,0.16123881936073303,0.46967512369155884,0.2021353840827942,0.806343138217926,0.6814116835594177,0.3273041248321533,0.14373326301574707,0.4497136175632477,0.16816121339797974,0.7517753839492798,0.684515655040741,0.2939841151237488,-3.9037389755249023,-4.451416015625,-7.576240062713623,-12.168609619140625,0.692185640335083,-7.430362224578857
minimal-test-000384,2.2003836631774902,0.34892076129191135,0.2645474076271057,0.5838239192962646,0.17529527842998505,0.196771040558815,0.8377881050109863,0.7434605956077576,0.2605077028274536,0.5818292498588562,0.1706131547689438,0.1750422865152359,0.8504734039306641,0.7293879985809326,-0.9008541703224182,-0.44481128454208374,-1.0441136360168457,-4.845512390136719,2.8288216590881348,-3.1381890773773193
minimal-test-000385,3.8010571002960205,0.3742610839686961,0.18012264370918274,0.5159813165664673,0.28195250034332275,0.11479843407869339,0.5481395721435547,0.8196073770523071,0.17275753617286682,0.4955825209617615,0.23164330422878265,0.1257982701063156,0.559989333152771,0.8182594776153564,-1.6424189805984497,-4.54893159866333,-11.218950271606445,2.452963352203369,2.6424965858459473,-0.30058157444000244
minimal-test-000386,2.481895923614502,0.12315999642854514,0.22260889410972595,0.41450223326683044,0.5965821743011475,0.5857268571853638,0.6038785576820374,0.7580941319465637,0.22207307815551758,0.4141068458557129,0.5883069038391113,0.5759086012840271,0.6256651282310486,0.7321279644966125,-0.11948695778846741,-0.08817139267921448,-1.8453853130340576,-2.1894710063934326,4.858405113220215,-5.790455341339111
minimal-test-000387,3.7067203521728516,0.11283071081769383,0.2334386110305786,0.3468707501888275,0.40784910321235657,0.6620522141456604,0.7636545300483704,0.8376420736312866,0.22353480756282806,0.33633318543434143,0.4015718102455139,0.6224096417427063,0.7803057432174683,0.8209221363067627,-2.208548069000244,-2.349876880645752,-1.3998363018035889,-8.840293884277344,3.7132205963134766,-3.728546142578125
minimal-test-000388,4.053325176239014,0.08949977787569457,0.1790698766708374,0.6315386295318604,0.46684789657592773,0.5065714120864868,0.6431036591529846,0.5754006505012512,0.1727893352508545,0.6173255443572998,0.4495071470737457,0.4593534767627716,0.6456255912780762,0.5539168119430542,-1.400560736656189,-3.169517993927002,-3.8669872283935547,-10.5295991897583,0.5623908638954163,-4.790895938873291
minimal-test-000389,5.512156963348389,0.17462148590063972,0.18913036584854126,0.7239282727241516,0.5351904630661011,0.271377295255661,0.7187032103538513,0.35660475492477417,0.18396258354187012,0.7118462324142456,0.46696242690086365,0.23693479597568512,0.7196195721626282,0.3291323184967041,-1.1524155139923096,-2.6942949295043945,-15.214852333068848,-7.68067741394043,0.20434868335723877,-6.1263532638549805
minimal-test-000390,3.581296920776367,0.22926241403127495,0.1593887358903885,0.18639951944351196,0.5746471285820007,0.14444994926452637,0.611068606376648,0.42203575372695923,0.17246487736701965,0.20494170486927032,0.5711843967437744,0.11098399758338928,0.6275896430015564,0.4107460379600525,2.9159796237945557,4.134907245635986,-0.772189199924469,-7.462907314300537,3.6841912269592285,-2.517606735229492
minimal-test-000391,3.208139657974243,0.2004819690821317,0.32444897294044495,0.41399824619293213,0.5576961636543274,0.2225702553987503,0.7878194451332092,0.4322953224182129,0.32739946246147156,0.41578274965286255,0.5326927304267883,0.18759043514728546,0.7979348301887512,0.4208112955093384,0.6579591631889343,0.39794427156448364,-5.575765609741211,-7.80049991607666,2.2557308673858643,-2.5609378814697266
minimal-test-000392,3.9682130813598633,0.3209690574418133,0.2963595390319824,0.4553167521953583,0.27029573917388916,0.13450144231319427,0.7430335283279419,0.385065495967865,0.292138010263443,0.45598071813583374,0.2299272119998932,0.08682812750339508,0.7445591688156128,0.3727504014968872,-0.9414008855819702,0.14806440472602844,-9.002182006835938,-10.631149291992188,0.34021782875061035,-2.7462661266326904
minimal-test-000393,2.215955972671509,0.11596278748166629,0.27533212304115295,0.7635513544082642,0.1609954833984375,0.8773599863052368,0.8207352757453918,0.7739270925521851,0.2638261616230011,0.75665682554245,0.16674372553825378,0.8614592552185059,0.8313702940940857,0.7828647494316101,-2.565829277038574,-1.5374798774719238,1.281857967376709,-3.545863151550293,2.3716092109680176,1.9930975437164307
minimal-test-000394,3.3129045963287354,0.1152222149384437,0.22904792428016663,0.4327145218849182,0.21066689491271973,0.5469614267349243,0.8185117840766907,0.5844521522521973,0.21823658049106598,0.43315818905830383,0.2355799525976181,0.5147966742515564,0.8337607979774475,0.5788975358009338,-2.4109296798706055,0.09893777966499329,5.555612087249756,-7.1727399826049805,3.4005300998687744,-1.2386794090270996
minimal-test-000395,9.687424659729004,0.26092955504213255,0.3811414837837219,0.23750068247318268,0.4641544818878174,0.8456952571868896,0.7471793293952942,0.802699625492096,0.3827454149723053,0.23598140478134155,0.3873998522758484,0.7020993828773499,0.7488639950752258,0.7672098278999329,0.3576766550540924,-0.3387989401817322,-17.116281509399414,-32.021881103515625,0.37568044662475586,-7.914224624633789
minimal-test-000396,5.1058349609375,0.31810669783661305,0.24051710963249207,0.20917122066020966,0.44786521792411804,0.5150212645530701,0.6601343750953674,0.18312837183475494,0.23354461789131165,0.22565138339996338,0.39867255091667175,0.4731704592704773,0.6792694330215454,0.1793828308582306,-1.5548655986785889,3.6750762462615967,-10.969964981079102,-9.33272933959961,4.267117977142334,-0.8352556228637695
minimal-test-000397,5.033867359161377,0.12494629876332797,0.23905250430107117,0.6033808588981628,0.24826985597610474,0.4766455888748169,0.6653618812561035,0.7148206233978271,0.2290065586566925,0.5927244424819946,0.2053937017917633,0.4289027452468872,0.669521689414978,0.6948614120483398,-2.240245819091797,-2.3763809204101562,-9.561382293701172,-10.64665412902832,0.9276372194290161,-4.45090389251709
minimal-test-000398,4.399338245391846,0.3917958242780257,0.30558454990386963,0.8434756398200989,0.2750712037086487,0.3023364245891571,0.7166935205459595,0.40361344814300537,0.3107433319091797,0.830120325088501,0.2359772026538849,0.2659384608268738,0.7376372814178467,0.4001954197883606,1.150408387184143,-2.9782352447509766,-8.717962265014648,-8.116745948791504,4.670458793640137,-0.7622203230857849
minimal-test-000399,6.9683709144592285,0.11994544007405884,0.34083524346351624,0.8200565576553345,0.10397855937480927,0.8201569318771362,0.7752699851989746,0.56467604637146,0.2921840250492096,0.8005749583244324,0.1723993718624115,0.7909767627716064,0.7845860719680786,0.5522361397743225,-10.849222183227539,-4.344396591186523,15.257841110229492,-6.507177829742432,2.0774874687194824,-2.774099111557007
minimal-test-000400,7.881115913391113,0.47535975026095145,0.4027460515499115,0.7166106700897217,0.13751257956027985,0.29005491733551025,0.8099524974822998,0.2187207192182541,0.36994871497154236,0.6738308668136597,0.12488396465778351,0.19540081918239594,0.8347572088241577,0.22310411930084229,-7.313806056976318,-9.539896011352539,-2.816181182861328,-21.107864379882812,5.5314507484436035,0.9774982333183289
minimal-test-000401,4.055837154388428,0.1887611033469418,0.21784715354442596,0.7911174893379211,0.43206900358200073,0.5375458598136902,0.8301473259925842,0.6253054141998291,0.21178090572357178,0.7813697457313538,0.38342469930648804,0.5072212815284729,0.8421982526779175,0.6230135560035706,-1.3527733087539673,-2.1737468242645264,-10.84768009185791,-6.762381076812744,2.68735671043396,-0.5110843777656555
minimal-test-000402,2.6713571548461914,0.16609034758866803,0.1743917018175125,0.7565794587135315,0.375088632106781,0.8766767978668213,0.8431966304779053,0.5854883193969727,0.1751391589641571,0.7706975936889648,0.39346835017204285,0.8495240807533264,0.8506438732147217,0.5814585089683533,0.16668294370174408,3.148344039916992,4.098677158355713,-6.055056095123291,1.6607351303100586,-0.8986477255821228
minimal-test-000403,12.458463668823242,0.13752436584163086,0.18979020416736603,0.1886860877275467,0.5433996915817261,0.7628839015960693,0.7936927080154419,0.8274425268173218,0.18718838691711426,0.18726685643196106,0.40921416878700256,0.5820280909538269,0.8024979829788208,0.8347801566123962,-0.5802052617073059,-0.3164885640144348,-29.923372268676758,-40.33084487915039,1.963576316833496,1.63629150390625
minimal-test-000404,5.0610527992248535,0.3458843794984448,0.2122480273246765,0.6323553919792175,0.510557234287262,0.8635672926902771,0.8382429480552673,0.29058921337127686,0.2131359726190567,0.6212461590766907,0.4611223340034485,0.8229650855064392,0.8575674295425415,0.2757761478424072,0.19801180064678192,-2.477358818054199,-11.023983001708984,-9.054292678833008,4.309359550476074,-3.303313732147217
minimal-test-000405,3.7254323959350586,0.10225132166337177,0.16780486702919006,0.3178406357765198,0.14818686246871948,0.4216146469116211,0.6889793872833252,0.563066303730011,0.147737517952919,0.30830004811286926,0.19878555834293365,0.41031089425086975,0.6894659996032715,0.5548274517059326,-4.4750189781188965,-2.1275510787963867,11.283509254455566,-2.5207369327545166,0.10851454734802246,-1.837264060974121
minimal-test-000406,3.931183338165283,0.17911331034170938,0.15242482721805573,0.5031223297119141,0.32921671867370605,0.16595770418643951,0.603975772857666,0.19550661742687225,0.16369757056236267,0.5180819630622864,0.3062036335468292,0.12906746566295624,0.6153232455253601,0.18721804022789001,2.513821840286255,3.335998296737671,-5.131917953491211,-8.226523399353027,2.5304863452911377,-1.8483526706695557
minimal-test-000407,7.273849964141846,0.4225749515714655,0.1992245465517044,0.794304609298706,0.8682876825332642,0.3905886709690094,0.6652275323867798,0.8075589537620544,0.19664067029953003,0.7886261343955994,0.767941415309906,0.39858150482177734,0.6939736604690552,0.7571975588798523,-0.5762044191360474,-1.2662999629974365,-22.37721824645996,1.7824019193649292,6.410386562347412,-11.2305908203125
minimal-test-000408,4.1226725578308105,0.39429896638748607,0.35922643542289734,0.2419363409280777,0.8833017349243164,0.7721537947654724,0.815708339214325,0.35070887207984924,0.3635683059692383,0.25026756525039673,0.867090106010437,0.7304035425186157,0.847440242767334,0.34215182065963745,0.9682371616363525,1.8578630685806274,-3.6151933670043945,-9.310306549072266,7.07621431350708,-1.9082224369049072
minimal-test-000409,12.20840835571289,0.48677404452725787,0.16240322589874268,0.6113644242286682,0.8948348760604858,0.6413746476173401,0.5393979549407959,0.3032080829143524,0.12065950036048889,0.563018262386322,0.8103861808776855,0.5798688530921936,0.5783600211143494,0.3566789925098419,-9.30885124206543,-10.781193733215332,-18.832059860229492,-13.715791702270508,8.6885404586792,11.924013137817383
minimal-test-000410,3.841285228729248,0.15176089844388696,0.3549116253852844,0.2731228172779083,0.2680911123752594,0.40817099809646606,0.7642856240272522,0.7929877042770386,0.3474157452583313,0.2745662331581116,0.2871686518192291,0.3895396888256073,0.7798959612846375,0.7518932223320007,-1.6715812683105469,0.3218817412853241,4.254291534423828,-4.154781818389893,3.481105327606201,-9.164069175720215
minimal-test-000411,3.301076650619507,0.1585155942963966,0.18285994231700897,0.5285353064537048,0.5157537460327148,0.2090531289577484,0.5691542625427246,0.3587338328361511,0.1786089539527893,0.5273827314376831,0.5228731036186218,0.161793053150177,0.5763701796531677,0.3369145393371582,-0.9479703903198242,-0.25702422857284546,1.5876166820526123,-10.538996696472168,1.60914945602417,-4.8657026290893555
minimal-test-000412,5.414308071136475,0.18836347698620237,0.27053409814834595,0.19935746490955353,0.13799256086349487,0.3336426615715027,0.7851701974868774,0.7697104215621948,0.2641647756099701,0.18569616973400116,0.20601944625377655,0.37688007950782776,0.7859207987785339,0.7560794949531555,-1.4203588962554932,-3.046468734741211,15.169995307922363,9.64194393157959,0.1673840880393982,-3.03969669342041
minimal-test-000413,1.3603401184082031,0.45608165215580987,0.21628277003765106,0.6489585041999817,0.12308558821678162,0.19410212337970734,0.8163214921951294,0.6407982110977173,0.2149536907672882,0.6448554992675781,0.12452544271945953,0.1909307837486267,0.8253054022789001,0.6232243180274963,-0.29638469219207764,-0.9149700999259949,0.3210875391960144,-0.7072087526321411,2.0034120082855225,-3.918978214263916
minimal-test-000414,2.549440622329712,0.1193629323129133,0.2649693787097931,0.2548322379589081,0.20454692840576172,0.3612862229347229,0.7394880056381226,0.6878575682640076,0.2578887641429901,0.24303731322288513,0.2268388271331787,0.35615092515945435,0.749106764793396,0.6751842498779297,-1.578977108001709,-2.630268096923828,4.97109317779541,-1.1451714038848877,2.1449832916259766,-2.8261499404907227
minimal-test-000415,6.302120208740234,0.4753711939846489,0.20182405412197113,0.372391939163208,0.2980492413043976,0.8429875373840332,0.5862651467323303,0.3501310646533966,0.19159352779388428,0.3557021915912628,0.24084727466106415,0.7689321637153625,0.5932865738868713,0.3457663357257843,-2.281407356262207,-3.721813678741455,-12.756038665771484,-16.51434898376465,1.5657782554626465,-0.973334550857544
minimal-test-000416,3.2433032989501953,0.22976005803238406,0.2685672342777252,0.6304818987846375,0.3290664851665497,0.29309630393981934,0.6757996678352356,0.3152494430541992,0.2697465121746063,0.6180771589279175,0.3040970265865326,0.2547253370285034,0.683738112449646,0.3128485679626465,0.2629789710044861,-2.7662570476531982,-5.5681891441345215,-8.55672550201416,1.770273208618164,-0.5353951454162598
minimal-test-000417,3.2996809482574463,0.40706312787168664,0.1709153801202774,0.3056986927986145,0.5333535671234131,0.7913585305213928,0.7213265299797058,0.4133464992046356,0.14866673946380615,0.30028343200683594,0.5244536399841309,0.7781068682670593,0.745162844657898,0.39821764826774597,-4.961446762084961,-1.2076032161712646,-1.9846837520599365,-2.95512056350708,5.315498352050781,-3.3737337589263916
minimal-test-000418,3.666727304458618,0.2312353938301324,0.16027116775512695,0.4688015580177307,0.5212730169296265,0.462835431098938,0.596026599407196,0.8201432824134827,0.16055940091609955,0.4693039059638977,0.4938979148864746,0.42565351724624634,0.607934832572937,0.7987427711486816,0.06427599489688873,0.11202359199523926,-6.104647636413574,-8.291566848754883,2.655535936355591,-4.772314071655273
minimal-test-000419,4.431011199951172,0.22331903616653997,0.3274267315864563,0.3981073498725891,0.4915592670440674,0.24359965324401855,0.8454381823539734,0.8162379264831543,0.33172091841697693,0.3969034254550934,0.46484360098838806,0.18657048046588898,0.8459469079971313,0.7867695689201355,0.9576036930084229,-0.26847514510154724,-5.9575934410095215,-12.71750545501709,0.11344581842422485,-6.571443557739258
minimal-test-000420,5.565700054168701,0.27741381461527603,0.15516452491283417,0.8390078544616699,0.8187859654426575,0.5711730122566223,0.78534996509552,0.21348890662193298,0.16564272344112396,0.8696273565292358,0.7508050799369812,0.5512005090713501,0.8028375506401062,0.21027781069278717,2.3366382122039795,6.82814884185791,-15.159737586975098,-4.453868389129639,3.8997316360473633,-0.7160744071006775
minimal-test-000421,4.905556678771973,0.21165323165870636,0.15868933498859406,0.7879399657249451,0.6915953755378723,0.7772607803344727,0.7464510202407837,0.5195324420928955,0.16482095420360565,0.7968205213546753,0.6519098877906799,0.7254365682601929,0.758500337600708,0.5329493284225464,1.3673510551452637,1.9803638458251953,-8.84986400604248,-11.556798934936523,2.686997890472412,2.9919657707214355
minimal-test-000422,5.178409576416016,0.2545013626053762,0.2031964212656021,0.5321083068847656,0.2094097137451172,0.7865431308746338,0.6569876670837402,0.5171411633491516,0.19238466024398804,0.5130069255828857,0.14786593616008759,0.7410448789596558,0.6591845750808716,0.5169638395309448,-2.411022663116455,-4.259608268737793,-13.724262237548828,-10.146110534667969,0.4899104833602905,-0.039543211460113525
minimal-test-000423,4.9521870613098145,0.3082516143227185,0.4519052803516388,0.5191171765327454,0.3645325303077698,0.8528786301612854,0.8250328302383423,0.43967923521995544,0.43947145342826843,0.513067364692688,0.3323962688446045,0.779822051525116,0.8331634998321533,0.43824368715286255,-2.7727434635162354,-1.3491079807281494,-7.166386127471924,-16.291616439819336,1.8131393194198608,-0.3201272189617157
minimal-test-000424,4.2527008056640625,0.22483707003497722,0.17686355113983154,0.3944462835788727,0.49922728538513184,0.14598402380943298,0.740041971206665,0.3541753590106964,0.17181405425071716,0.38788336515426636,0.45737865567207336,0.09349124878644943,0.7451612949371338,0.35082605481147766,-1.126037836074829,-1.4635307788848877,-9.332244873046875,-11.705888748168945,1.1416091918945312,-0.7468948364257812
minimal-test-000425,2.530357837677002,0.2329034207158334,0.24202415347099304,0.5130366683006287,0.5202124118804932,0.7083394527435303,0.736775279045105,0.44190582633018494,0.24062317609786987,0.5124637484550476,0.5133038759231567,0.6717353463172913,0.7473534345626831,0.42988914251327515,-0.3124179542064667,-0.1277611255645752,-1.540603518486023,-8.162715911865234,2.358928680419922,-2.679720401763916
minimal-test-000426,8.605538368225098,0.08341387694319238,0.44824519753456116,0.7379627823829651,0.36714330315589905,0.7065678834915161,0.8463113307952881,0.22096601128578186,0.4383576810359955,0.7670577764511108,0.29984572529792786,0.5959081649780273,0.8585378527641296,0.22333882749080658,-2.20491623878479,6.488183498382568,-15.007359504699707,-24.67711639404297,2.7265143394470215,0.5291380286216736
minimal-test-000427,5.735688209533691,0.1558613470401606,0.21593207120895386,0.5808330178260803,0.7800952792167664,0.3426787257194519,0.6144086122512817,0.2736140489578247,0.21334855258464813,0.5671330690383911,0.7595005631446838,0.2573612928390503,0.6290645599365234,0.25614216923713684,-0.5761246681213379,-3.055088520050049,-4.592621803283691,-19.025787353515625,3.2682762145996094,-3.8962292671203613
minimal-test-000428,4.896059036254883,0.23281541610745268,0.34481239318847656,0.4173375368118286,0.39523622393608093,0.6669617891311646,0.8305622935295105,0.5249172449111938,0.34321627020835876,0.4092038869857788,0.3411409854888916,0.6114143133163452,0.8423643112182617,0.5243592262268066,-0.3559354245662689,-1.8138039112091064,-12.063238143920898,-12.387086868286133,2.631850004196167,-0.12443816661834717
minimal-test-000429,4.630415439605713,0.3367587184284965,0.21009935438632965,0.7603622674942017,0.3972771167755127,0.3567783236503601,0.6876775622367859,0.6241329908370972,0.1998066008090973,0.7477594017982483,0.37438660860061646,0.29247191548347473,0.6965879201889038,0.618550717830658,-2.2952840328216553,-2.810439109802246,-5.104583263397217,-14.34032917022705,1.9870097637176514,-1.2448468208312988
minimal-test-000430,6.324233531951904,0.20350242645115194,0.36648687720298767,0.7411823868751526,0.5455256104469299,0.8955346345901489,0.7932453155517578,0.5971431136131287,0.35759514570236206,0.7266657948493958,0.4709116518497467,0.857807993888855,0.8100122809410095,0.5795002579689026,-1.9828561544418335,-3.2372000217437744,-16.638912200927734,-8.413041114807129,3.7390332221984863,-3.934356689453125
minimal-test-000431,4.376687049865723,0.43727181526407266,0.16527162492275238,0.4757167100906372,0.8453563451766968,0.7120247483253479,0.8409433960914612,0.2530807554721832,0.1601906418800354,0.48455601930618286,0.8191390633583069,0.6468937993049622,0.8479848504066467,0.24763233959674835,-1.1330592632293701,1.9711658954620361,-5.846453666687012,-14.524201393127441,1.570244312286377,-1.2149966955184937
minimal-test-000432,3.435018539428711,0.38516734627446125,0.4402744770050049,0.822486937046051,0.5137914419174194,0.130561962723732,0.8042653203010559,0.38367560505867004,0.4481196105480194,0.8118589520454407,0.48244374990463257,0.16473481059074402,0.8069821000099182,0.3779640197753906,1.749464750289917,-2.3700406551361084,-6.990535259246826,7.620544910430908,0.605841875076294,-1.2736835479736328
minimal-test-000433,2.4934089183807373,0.46194017585347025,0.29282158613204956,0.32673946022987366,0.7140800356864929,0.10610991716384888,0.726974368095398,0.8195812702178955,0.30259448289871216,0.3349669277667999,0.7119420766830444,0.09179896116256714,0.7406944036483765,0.8006633520126343,2.179356098175049,1.834725260734558,-0.47676485776901245,-3.191343307495117,3.059567928314209,-4.218695640563965
minimal-test-000434,9.196213722229004,0.2168880214987609,0.22135405242443085,0.43721267580986023,0.8968424797058105,0.33410823345184326,0.6009871363639832,0.24223630130290985,0.20698802173137665,0.4340325593948364,0.8000160455703735,0.25444164872169495,0.6489007472991943,0.2367573380470276,-3.203624725341797,-0.7091659307479858,-21.592294692993164,-17.765647888183594,10.684735298156738,-1.2218087911605835
minimal-test-000435,4.926730632781982,0.2945461332188759,0.22554203867912292,0.5537905693054199,0.8474751710891724,0.62440425157547,0.7330543398857117,0.3529135286808014,0.21587711572647095,0.5658368468284607,0.8335505127906799,0.5508268475532532,0.7388973832130432,0.33541205525398254,-2.155277729034424,2.6863198280334473,-3.105198860168457,-16.407760620117188,1.302998661994934,-3.9028286933898926
minimal-test-000436,7.115717887878418,0.2255256331813932,0.31174930930137634,0.7468094825744629,0.4658670425415039,0.5314374566078186,0.7554409503936768,0.7776026129722595,0.31373971700668335,0.7291701436042786,0.40601885318756104,0.4647159278392792,0.7674310207366943,0.7443378567695618,0.4438609182834625,-3.93357253074646,-13.346146583557129,-14.878900527954102,2.67378568649292,-7.418040752410889
minimal-test-000437,8.156972885131836,0.1344879200547321,0.16091124713420868,0.6442557573318481,0.6902562379837036,0.20767642557621002,0.5236489176750183,0.19921749830245972,0.1666632741689682,0.637458086013794,0.6066214442253113,0.16857308149337769,0.5610488653182983,0.15243516862392426,1.2827019691467285,-1.5158807039260864,-18.650558471679688,-8.720046043395996,8.340188026428223,-10.432459831237793
minimal-test-000438,7.136662483215332,0.20142325324234722,0.33675363659858704,0.7818308472633362,0.8597336411476135,0.8590540289878845,0.7719694375991821,0.6733443140983582,0.313742458820343,0.7866949439048767,0.7990179657936096,0.8172860145568848,0.7863789796829224,0.6260949969291687,-5.131492614746094,1.0846935510635376,-13.539595603942871,-9.3142671585083,3.2133278846740723,-10.536598205566406
minimal-test-000439,4.751490592956543,0.578403417500501,0.19981876015663147,0.19392812252044678,0.11103364825248718,0.7702391147613525,0.7981049418449402,0.36596494913101196,0.18679696321487427,0.17815430462360382,0.07984992861747742,0.7120409607887268,0.8020759224891663,0.360270619392395,-2.9038608074188232,-3.517561435699463,-6.953969478607178,-12.978188514709473,0.8855286836624146,-1.2698354721069336
minimal-test-000440,9.115340232849121,0.11157505092156214,0.17331601679325104,0.7019922137260437,0.3294195532798767,0.7075926065444946,0.6635447144508362,0.23628738522529602,0.1581847369670868,0.6982938051223755,0.39769646525382996,0.5800805687904358,0.6622921824455261,0.20690277218818665,-3.3742754459381104,-0.8247451186180115,15.225750923156738,-28.435184478759766,-0.27931463718414307,-6.552768707275391
minimal-test-000441,7.796732425689697,0.2648860185902378,0.24048542976379395,0.7945154905319214,0.8935803174972534,0.777866780757904,0.6446197628974915,0.602792501449585,0.2313593327999115,0.8125602602958679,0.8047050833702087,0.7113029360771179,0.6707425713539124,0.6038373112678528,-2.0351195335388184,4.023983478546143,-19.819177627563477,-14.843737602233887,5.825386047363281,0.23299258947372437
minimal-test-000442,4.816450595855713,0.45910358507232835,0.29450473189353943,0.17564482986927032,0.8761398792266846,0.11462079733610153,0.6826530694961548,0.573859691619873,0.28995347023010254,0.17957593500614166,0.8519937992095947,0.07494091987609863,0.7139121890068054,0.5478365421295166,-1.014931321144104,0.8766364455223083,-5.384575843811035,-8.848612785339355,6.970783710479736,-5.803162574768066
minimal-test-000443,4.778951644897461,0.3963952557650794,0.24928748607635498,0.6569985151290894,0.1276175081729889,0.26737093925476074,0.7930864691734314,0.3283733129501343,0.24162665009498596,0.6515713334083557,0.10046219825744629,0.20633892714977264,0.8008120059967041,0.3087925314903259,-1.7083663940429688,-1.210261583328247,-6.055634021759033,-13.610138893127441,1.722794771194458,-4.366514205932617
minimal-test-000444,5.048343658447266,0.09007429724634958,0.34180817008018494,0.1915169507265091,0.875677227973938,0.5312461256980896,0.831735372543335,0.4125968813896179,0.3285731375217438,0.19127090275287628,0.8141223788261414,0.48089799284935,0.8394599556922913,0.40987566113471985,-2.9514122009277344,-0.05486869812011719,-13.726731300354004,-11.227633476257324,1.7225821018218994,-0.6068321466445923
minimal-test-000445,4.328736782073975,0.6352291421371143,0.1935005486011505,0.7768603563308716,0.19431716203689575,0.13337121903896332,0.5535814166069031,0.7190704941749573,0.18028944730758667,0.7599001526832581,0.16692416369915009,0.12121310830116272,0.5624777674674988,0.6812210083007812,-2.946075677871704,-3.782125473022461,-6.108638763427734,-2.71125864982605,1.9838862419128418,-8.440435409545898
minimal-test-000446,4.950222969055176,0.29350067190973544,0.257081001996994,0.6191100478172302,0.8164865374565125,0.5741078853607178,0.6217523813247681,0.804380476474762,0.25759997963905334,0.6019870042800903,0.7750303149223328,0.5492048859596252,0.641954243183136,0.7753937244415283,0.11573201417922974,-3.818438768386841,-9.24473762512207,-5.553369045257568,4.5050153732299805,-6.464045524597168
minimal-test-000447,7.076961517333984,0.15480946965554276,0.32695481181144714,0.7277776002883911,0.6022718548774719,0.7688532471656799,0.7083303928375244,0.547472357749939,0.32041093707084656,0.6912714838981628,0.5557491183280945,0.7092227339744568,0.7278218269348145,0.5257555246353149,-1.4592840671539307,-8.140864372253418,-10.3745698928833,-13.29760456085205,4.346590042114258,-4.842853546142578
minimal-test-000448,4.225948333740234,0.32576979986608434,0.19544191658496857,0.666265070438385,0.4310435652732849,0.1409449577331543,0.674084484577179,0.3742845952510834,0.18794970214366913,0.6500765085220337,0.39909011125564575,0.10451267659664154,0.6756742596626282,0.35423824191093445,-1.6707638502120972,-3.610049247741699,-7.125620365142822,-8.124398231506348,0.3545198440551758,-4.4703369140625
minimal-test-000449,2.983311653137207,0.366421689886893,0.24834822118282318,0.1913612335920334,0.5125433802604675,0.6894917488098145,0.6239855289459229,0.3395513892173767,0.2313694953918457,0.18612653017044067,0.5060935020446777,0.653400719165802,0.6229614019393921,0.3250613808631897,-3.7862558364868164,-1.1673388481140137,-1.4383227825164795,-8.048299789428711,-0.22838032245635986,-3.231271743774414
minimal-test-000450,8.149667739868164,0.4219532778346271,0.264256089925766,0.4031119644641876,0.8988659381866455,0.24441660940647125,0.6426262259483337,0.5887089371681213,0.2560086250305176,0.40048933029174805,0.8253183960914612,0.23442073166370392,0.6986104249954224,0.5198330879211426,-1.8391846418380737,-0.5848474502563477,-16.40110206604004,-2.2290806770324707,12.484476089477539,-15.35931396484375
minimal-test-000451,4.363784313201904,0.09796579306252048,0.17528003454208374,0.5413991808891296,0.4829992651939392,0.18709097802639008,0.6786355376243591,0.16242490708827972,0.17874014377593994,0.5448331236839294,0.42459046840667725,0.16268287599086761,0.6948858499526978,0.15097492933273315,0.7716043591499329,0.7657692432403564,-13.025161743164062,-5.44300651550293,3.623819589614868,-2.553344964981079
minimal-test-000452,5.312439918518066,0.18497067891527322,0.30579692125320435,0.2741394340991974,0.37705573439598083,0.601470947265625,0.6884278059005737,0.6462786197662354,0.30423781275749207,0.26206156611442566,0.34667864441871643,0.5567126870155334,0.7032643556594849,0.606951892375946,-0.3476811945438385,-2.6933646202087402,-6.7740912437438965,-9.98109245300293,3.3085505962371826,-8.76986026763916
minimal-test-000453,6.278471946716309,0.12079981183207676,0.3041284382343292,0.49727755784988403,0.26538607478141785,0.34916600584983826,0.7296087145805359,0.6800272464752197,0.29091042280197144,0.5008142590522766,0.2160259634256363,0.2728509306907654,0.7355408072471619,0.6594617366790771,-2.947617530822754,0.7886843681335449,-11.007305145263672,-17.018260955810547,1.3228566646575928,-4.586108684539795
minimal-test-000454,6.846895217895508,0.2256321523548329,0.17274172604084015,0.7188857793807983,0.13269971311092377,0.45997050404548645,0.7494933009147644,0.24617747962474823,0.1673467755317688,0.7152231335639954,0.17376090586185455,0.3638244867324829,0.7434073090553284,0.21430687606334686,-1.2030739784240723,-0.8167700171470642,9.156645774841309,-21.440561294555664,-1.3571761846542358,-7.107144355773926
minimal-test-000455,6.128256320953369,0.2721367347794415,0.2315014898777008,0.4919286370277405,0.19398006796836853,0.7928690910339355,0.656997561454773,0.3447335362434387,0.22285449504852295,0.4741702675819397,0.12524175643920898,0.7446021437644958,0.6414470672607422,0.3388088345527649,-1.9282798767089844,-3.960116386413574,-15.328643798828125,-10.763528823852539,-3.4677600860595703,-1.3212084770202637
minimal-test-000456,4.729006290435791,0.10725278451625708,0.22418980300426483,0.7316048741340637,0.2638843059539795,0.585637092590332,0.8226680159568787,0.3911861777305603,0.21814295649528503,0.728081226348877,0.2914845943450928,0.5112444758415222,0.8355303406715393,0.39399829506874084,-1.3484467267990112,-0.7857734560966492,6.154864311218262,-16.589553833007812,2.8682985305786133,0.6271021366119385
minimal-test-000457,2.7746214866638184,0.08564425365626535,0.39717555046081543,0.17194388806819916,0.36828556656837463,0.25478729605674744,0.760887861251831,0.39712515473365784,0.38396939635276794,0.19399312138557434,0.37358760833740234,0.23129057884216309,0.7651416063308716,0.4034707546234131,-2.944972276687622,4.91697883605957,1.182355284690857,-5.239768028259277,0.9485851526260376,1.4150687456130981
minimal-test-000458,3.9717981815338135,0.22023974119549516,0.22604891657829285,0.34361588954925537,0.8485411405563354,0.20660682022571564,0.7385114431381226,0.41382884979248047,0.22038978338241577,0.3375580310821533,0.8126672506332397,0.1681184470653534,0.7498452067375183,0.4043773412704468,-1.2619867324829102,-1.3509024381637573,-7.999877452850342,-8.582907676696777,2.5274293422698975,-2.1076865196228027
minimal-test-000459,6.393099308013916,0.5003768674958836,0.3159845471382141,0.7853019833564758,0.8468621969223022,0.3151634633541107,0.7504141926765442,0.8107485771179199,0.32527753710746765,0.794741690158844,0.7949671745300293,0.2704222500324249,0.7761846780776978,0.7798763513565063,2.0723366737365723,2.1050546169281006,-11.572589874267578,-9.977290153503418,5.7468180656433105,-6.8845062255859375
minimal-test-000460,6.428853511810303,0.2508313565745723,0.4399436414241791,0.5541785359382629,0.17413683235645294,0.2667240798473358,0.8215092420578003,0.6037277579307556,0.4023232161998749,0.5167425274848938,0.21577773988246918,0.27744776010513306,0.8293105363845825,0.5659764409065247,-8.389354705810547,-8.348230361938477,9.285922050476074,2.391380786895752,1.7396886348724365,-8.418543815612793
minimal-test-000461,3.5528724193573,0.34890039276409057,0.24413152039051056,0.4211233854293823,0.5900620818138123,0.6477986574172974,0.6529098153114319,0.23665836453437805,0.24043136835098267,0.4168218672275543,0.5674232244491577,0.610609233379364,0.6613770723342896,0.21736259758472443,-0.8251339197158813,-0.9592385292053223,-5.048465251922607,-8.293241500854492,1.8881983757019043,-4.3029561042785645
minimal-test-000462,2.6180009841918945,0.24935816730887475,0.15606921911239624,0.34056222438812256,0.38983801007270813,0.735998272895813,0.7768080234527588,0.6505014300346375,0.14630955457687378,0.3453008234500885,0.36924949288368225,0.702919065952301,0.7776635885238647,0.6519193649291992,-2.176405191421509,1.0567076206207275,-4.5912394523620605,-7.3766632080078125,0.19079101085662842,0.31619948148727417
minimal-test-000463,4.65421724319458,0.1844688438446526,0.26813894510269165,0.8458034992218018,0.830598771572113,0.6883846521377563,0.7541961669921875,0.5173774361610413,0.26638397574424744,0.8626185059547424,0.8045930862426758,0.6479583978652954,0.7617046236991882,0.4846622347831726,-0.3913581669330597,3.749746561050415,-5.799267768859863,-9.015054702758789,1.6743857860565186,-7.29548978805542
minimal-test-000464,3.368241548538208,0.26582603320488074,0.15364457666873932,0.48168453574180603,0.349771112203598,0.18989726901054382,0.5578036308288574,0.4322659373283386,0.14753006398677826,0.4812163710594177,0.33643022179603577,0.13841365277767181,0.5655333995819092,0.4207775592803955,-1.3635363578796387,-0.10440072417259216,-2.9750185012817383,-11.480846405029297,1.723738431930542,-2.56190824508667
minimal-test-000465,3.2876083850860596,0.15130809014143248,0.3348977267742157,0.7008206844329834,0.5679159760475159,0.32711145281791687,0.6999184489250183,0.41603514552116394,0.33744683861732483,0.6950496435165405,0.5604900121688843,0.27896633744239807,0.7124237418174744,0.40397584438323975,0.5684519410133362,-1.2869421243667603,-1.6559898853302002,-10.736360549926758,2.7886803150177,-2.6892242431640625
minimal-test-000466,3.070479154586792,0.5041656884609329,0.20706865191459656,0.8066182732582092,0.523453950881958,0.13716188073158264,0.8331721425056458,0.5563021898269653,0.20493727922439575,0.8041885495185852,0.5065988898277283,0.10654596239328384,0.8512794971466064,0.5438278317451477,-0.47529610991477966,-0.5418283939361572,-3.758678674697876,-6.827349662780762,4.03794002532959,-2.7817819118499756
minimal-test-000467,2.9230940341949463,0.09501114721532002,0.23727935552597046,0.545939028263092,0.5697467923164368,0.3619120717048645,0.6101479530334473,0.44960495829582214,0.23762911558151245,0.5393084287643433,0.5650219321250916,0.32243654131889343,0.6197267770767212,0.43171626329421997,0.07799649238586426,-1.478623628616333,-1.053643822669983,-8.803043365478516,2.136077880859375,-3.9891788959503174
minimal-test-000468,3.60105562210083,0.22298787879882015,0.1736103743314743,0.5667816400527954,0.681027352809906,0.3518276512622833,0.5891259908676147,0.5733835101127625,0.17873215675354004,0.558900773525238,0.6616619229316711,0.3183557093143463,0.5967196822166443,0.549927830696106,1.1421574354171753,-1.7574331760406494,-4.318490982055664,-7.464242935180664,1.6933932304382324,-5.230616569519043
minimal-test-000469,5.298027515411377,0.2838226593231277,0.2147788554430008,0.6151991486549377,0.3850655257701874,0.11128968000411987,0.7700156569480896,0.16430069506168365,0.2149658203125,0.6018614172935486,0.32788196206092834,0.08543434739112854,0.772430956363678,0.12073177844285965,0.04169316589832306,-2.9743142127990723,-12.751935005187988,-5.7657389640808105,0.5386117696762085,-9.71586799621582
minimal-test-000470,5.224005699157715,0.36359408931849624,0.19808728992938995,0.6200464367866516,0.13331925868988037,0.20818139612674713,0.7524474859237671,0.18325310945510864,0.19895219802856445,0.6118177771568298,0.12975074350833893,0.13615722954273224,0.7623633742332458,0.13729903101921082,0.1928745061159134,-1.8349910974502563,-0.7957788705825806,-16.061389923095703,2.211243152618408,-10.247759819030762
minimal-test-000471,3.7166333198547363,0.19774891697629748,0.38759851455688477,0.2868099808692932,0.3413639962673187,0.5364571809768677,0.8474631309509277,0.8221154808998108,0.38363054394721985,0.2868310511112213,0.350864976644516,0.4982167184352875,0.8530913591384888,0.7794750928878784,-0.8848574161529541,0.004698663949966431,2.1187186241149902,-8.527623176574707,1.2550948858261108,-9.508806228637695
minimal-test-000472,4.268385410308838,0.40039103431799933,0.24119384586811066,0.681705892086029,0.6747241616249084,0.8771728873252869,0.7583563923835754,0.3448794186115265,0.23332616686820984,0.6705527305603027,0.653897225856781,0.842325747013092,0.7698501348495483,0.3162236213684082,-1.7544924020767212,-2.487154960632324,-4.644406795501709,-7.770912170410156,2.5631046295166016,-6.390242576599121
minimal-test-000473,3.7394752502441406,0.3701557628540637,0.21037960052490234,0.7321399450302124,0.6635876297950745,0.31454750895500183,0.775692880153656,0.6752975583076477,0.2057679295539856,0.732636034488678,0.6388503909111023,0.2683894634246826,0.7910969257354736,0.6660909652709961,-1.02840256690979,0.11062794923782349,-5.516404151916504,-10.293244361877441,3.4351022243499756,-2.053070306777954
minimal-test-000474,1.7652182579040527,0.5350199565052668,0.33573558926582336,0.6647206544876099,0.3755514919757843,0.12463384866714478,0.8319354057312012,0.7804144620895386,0.34147173166275024,0.6673299670219421,0.3784742057323456,0.11226160824298859,0.8342347741127014,0.7588595747947693,1.2791597843170166,0.5818766951560974,0.6517651677131653,-2.759009599685669,0.5127591490745544,-4.806739807128906
minimal-test-000475,5.950916290283203,0.3400515891997145,0.3334205746650696,0.6439860463142395,0.8886445164680481,0.4165536165237427,0.7737874388694763,0.7395910620689392,0.3283187448978424,0.6407498717308044,0.8212867379188538,0.3856686055660248,0.8054863214492798,0.7177563905715942,-1.137708067893982,-0.7216669321060181,-15.020784378051758,-6.887357234954834,7.068850994110107,-4.869131565093994
minimal-test-000476,3.11861252784729,0.15246327605039883,0.2981022000312805,0.3699556589126587,0.11087355017662048,0.48370274901390076,0.7134642601013184,0.46449753642082214,0.2754046618938446,0.36862680315971375,0.10681819915771484,0.4351154863834381,0.7107983231544495,0.4599236249923706,-5.061551094055176,-0.296334832906723,-0.9043432474136353,-10.834959983825684,-0.5945039391517639,-1.0199822187423706
minimal-test-000477,6.1820807456970215,0.36611010377886394,0.37614214420318604,0.5124350190162659,0.7358506917953491,0.7707682847976685,0.7306705713272095,0.3828679025173187,0.3819946050643921,0.5058457255363464,0.6793138980865479,0.7239583730697632,0.7579077482223511,0.3595595359802246,1.3050987720489502,-1.4694124460220337,-12.607705116271973,-10.438610076904297,6.073890686035156,-5.197765827178955
minimal-test-000478,5.0709381103515625,0.12053547466370902,0.2341180443763733,0.32733264565467834,0.5542055368423462,0.8434222936630249,0.6093799471855164,0.7261644601821899,0.22738616168498993,0.3199082314968109,0.5226165056228638,0.7987450957298279,0.6288098692893982,0.699579119682312,-1.5012098550796509,-1.655644416809082,-7.04435396194458,-9.96301555633545,4.33287239074707,-5.928530693054199
minimal-test-000479,4.741358757019043,0.2688886266764577,0.19070714712142944,0.5908440351486206,0.3793922960758209,0.22830842435359955,0.8148244619369507,0.3467100262641907,0.19269603490829468,0.5726629495620728,0.332584947347641,0.19797445833683014,0.8252630829811096,0.3268897533416748,0.44352197647094727,-4.05438232421875,-10.43803882598877,-6.764474391937256,2.327812433242798,-4.419920921325684
minimal-test-000480,4.73145055770874,0.18274924356065653,0.2556779980659485,0.7856570482254028,0.33221620321273804,0.5521012544631958,0.8327761292457581,0.5308820009231567,0.25979018211364746,0.7728930115699768,0.35268622636795044,0.4924052357673645,0.8498976826667786,0.5440217852592468,0.9170170426368713,-2.8463802337646484,4.564815044403076,-13.312211990356445,3.8181064128875732,2.9301719665527344
minimal-test-000481,5.029175758361816,0.16806953940050026,0.1769464761018753,0.26393482089042664,0.28491994738578796,0.13418111205101013,0.6569533944129944,0.5928959250450134,0.1780795454978943,0.26623618602752686,0.23889151215553284,0.07356536388397217,0.6654686331748962,0.5761756300926208,0.2526744604110718,0.5132044553756714,-10.264341354370117,-13.517312049865723,1.8988982439041138,-3.728625774383545
minimal-test-000482,6.535294532775879,0.39370637627987354,0.3728892505168915,0.5340111255645752,0.11731823533773422,0.8352192640304565,0.7496598958969116,0.8041058778762817,0.3504566550254822,0.5546615123748779,0.08150345087051392,0.7602930665016174,0.7611322999000549,0.7935647368431091,-5.002468585968018,4.60503625869751,-7.986696720123291,-16.708541870117188,2.5583460330963135,-2.3506743907928467
minimal-test-000483,4.258248805999756,0.12281424657759994,0.27935874462127686,0.5784103870391846,0.46638062596321106,0.4545381963253021,0.7361429929733276,0.5758312344551086,0.2724961042404175,0.5717180967330933,0.4296339154243469,0.41295453906059265,0.7451359629631042,0.5621377825737,-1.5303688049316406,-1.4923807382583618,-8.1945161819458,-9.273155212402344,2.005432367324829,-3.0536398887634277
minimal-test-000484,4.624746799468994,0.16212893215995278,0.2093110978603363,0.6292085647583008,0.8317587375640869,0.8698877692222595,0.755997359752655,0.6971040964126587,0.2024683952331543,0.6458747982978821,0.7830058336257935,0.8454465270042419,0.7659838795661926,0.6793610453605652,-1.5259226560592651,3.7165701389312744,-10.87189769744873,-5.45039701461792,2.226994037628174,-3.956700325012207
minimal-test-000485,6.772238254547119,0.28181856172831465,0.3955407440662384,0.7685286998748779,0.8994317054748535,0.5633240342140198,0.8300484418869019,0.18442347645759583,0.3816955089569092,0.7791188359260559,0.8286747932434082,0.5178464651107788,0.8391748070716858,0.21683993935585022,-3.0874874591827393,2.361600399017334,-15.778791427612305,-10.141497611999512,2.035179376602173,7.2288713455200195
minimal-test-000486,6.6218743324279785,0.12632459244380456,0.41114962100982666,0.4999624490737915,0.2490852326154709,0.6784979701042175,0.8160082697868347,0.38253799080848694,0.3849112391471863,0.4688469171524048,0.2146380990743637,0.6096055507659912,0.798674464225769,0.38267773389816284,-5.85115909576416,-6.938763618469238,-7.681710720062256,-15.363009452819824,-3.86543869972229,0.03116270899772644
minimal-test-000487,4.090849876403809,0.4065581591838108,0.25455403327941895,0.7816519737243652,0.25068482756614685,0.27723023295402527,0.8306808471679688,0.35165780782699585,0.25446417927742004,0.7755094170570374,0.19737040996551514,0.24709086120128632,0.8382065296173096,0.3388019800186157,-0.020037442445755005,-1.3697900772094727,-11.889115333557129,-6.7210798263549805,1.678227186203003,-2.866849660873413
minimal-test-000488,9.23452091217041,0.333962707319938,0.1842157244682312,0.16279183328151703,0.875272274017334,0.32548779249191284,0.7733879685401917,0.6805453896522522,0.19806933403015137,0.1394464075565338,0.8146118521690369,0.2185887098312378,0.8020688891410828,0.6655223965644836,3.089354991912842,-5.206029891967773,-13.527274131774902,-23.8384952545166,6.395845413208008,-3.3501274585723877
minimal-test-000489,6.856098175048828,0.5186441071339148,0.23959128558635712,0.4322792589664459,0.47655317187309265,0.8936936259269714,0.6593853831291199,0.22471186518669128,0.22873809933662415,0.4300295114517212,0.4246739149093628,0.8270623087882996,0.6601564288139343,0.17262740433216095,-2.420260429382324,-0.5016937255859375,-11.569074630737305,-14.858783721923828,0.17194318771362305,-11.614834785461426
minimal-test-000490,3.604013204574585,0.564849741406237,0.21758732199668884,0.838874101638794,0.7553896903991699,0.2615518867969513,0.7590091228485107,0.826466977596283,0.22307242453098297,0.8316337466239929,0.7312531471252441,0.22051209211349487,0.7692310214042664,0.8176217079162598,1.2231779098510742,-1.6145992279052734,-5.382449150085449,-9.151874542236328,2.2794833183288574,-1.9724950790405273
minimal-test-000491,4.76602029800415,0.5115102761962549,0.29818445444107056,0.7635822892189026,0.2822897732257843,0.11586423963308334,0.7642943859100342,0.3824915587902069,0.3014693558216095,0.7490676641464233,0.20912295579910278,0.10319703817367554,0.7654120922088623,0.3590090870857239,0.7325329780578613,-3.2367613315582275,-16.316200256347656,-2.8247859477996826,0.24924850463867188,-5.236591339111328
minimal-test-000492,4.42582368850708,0.17331397594716996,0.2344280481338501,0.2875775694847107,0.8608033061027527,0.6375296115875244,0.7636619806289673,0.4315033257007599,0.24230140447616577,0.27951014041900635,0.8501442074775696,0.6097522377967834,0.7896974086761475,0.3928355574607849,1.75575852394104,-1.7990367412567139,-2.376978874206543,-6.19435453414917,5.805900573730469,-8.622912406921387
minimal-test-000493,3.733218193054199,0.23796750988557835,0.479574054479599,0.5949769616127014,0.6457899808883667,0.15672935545444489,0.8415034413337708,0.3048270046710968,0.4557631313800812,0.6130443811416626,0.6176964044570923,0.13610263168811798,0.8398886322975159,0.29659512639045715,-5.309835910797119,4.029034614562988,-6.264867782592773,-4.599759578704834,-0.36010241508483887,-1.8357088565826416
minimal-test-000494,4.341171741485596,0.316507579262085,0.24241159856319427,0.20077134668827057,0.5839436054229736,0.5038592219352722,0.7865036725997925,0.17898859083652496,0.239098459482193,0.1913716197013855,0.5455335974693298,0.4686850309371948,0.798232913017273,0.16021206974983215,-0.738830029964447,-2.0961391925811768,-8.565431594848633,-7.843844413757324,2.6156206130981445,-4.187164306640625
minimal-test-000495,5.133466720581055,0.2291718744630532,0.1971040517091751,0.1899103820323944,0.13961708545684814,0.41185659170150757,0.8101789951324463,0.32967352867126465,0.19385398924350739,0.17753387987613678,0.10112929344177246,0.3449166417121887,0.809415876865387,0.3133707642555237,-0.7247639298439026,-2.7599599361419678,-8.582777976989746,-14.927608489990234,-0.17017537355422974,-3.635516405105591
minimal-test-000496,3.6753029823303223,0.1507979418246497,0.1991891711950302,0.47215738892555237,0.10832858830690384,0.3152485489845276,0.8197267055511475,0.5117933750152588,0.19052068889141083,0.46517184376716614,0.06279297173023224,0.2913993000984192,0.8299152851104736,0.5081337690353394,-1.9330716133117676,-1.5577765703201294,-10.15444278717041,-5.318382263183594,2.2720532417297363,-0.8160921335220337
minimal-test-000497,4.306756019592285,0.16177169684856355,0.3532838225364685,0.7135891318321228,0.42400914430618286,0.46487709879875183,0.8254281878471375,0.3780868947505951,0.3569781184196472,0.7164815664291382,0.4014367163181305,0.40866848826408386,0.8428291082382202,0.36497873067855835,0.8238279819488525,0.6450129151344299,-5.033651351928711,-12.534520149230957,3.8804051876068115,-2.9231204986572266
minimal-test-000498,12.525291442871094,0.3221365384704192,0.165694922208786,0.5210148692131042,0.8321861028671265,0.22400304675102234,0.5226144194602966,0.5345944762229919,0.17037731409072876,0.4947481155395508,0.7085431814193726,0.27472737431526184,0.5713375806808472,0.45163068175315857,1.0441733598709106,-5.857486248016357,-27.572372436523438,11.311525344848633,10.865264892578125,-18.500926971435547
minimal-test-000499,3.986567497253418,0.19551394013376594,0.20393754541873932,0.5605988502502441,0.3471011817455292,0.3462401330471039,0.599838137626648,0.512467086315155,0.20355647802352905,0.5492302775382996,0.30599445104599,0.31019464135169983,0.6012129783630371,0.4954818785190582,-0.08497802913188934,-2.535191774368286,-9.166800498962402,-8.038145065307617,0.3065894842147827,-3.787701368331909
minimal-test-000500,4.866754531860352,0.20651915694691875,0.3197230100631714,0.38179537653923035,0.45852890610694885,0.7401883602142334,0.7334195971488953,0.6859707236289978,0.31109145283699036,0.36041152477264404,0.42367228865623474,0.7036013603210449,0.7454813718795776,0.6685474514961243,-1.9248372316360474,-4.768599033355713,-7.7730255126953125,-8.15890121459961,2.6897757053375244,-3.885389804840088
minimal-test-000501,3.552405595779419,0.18128765032159555,0.15697188675403595,0.4841921627521515,0.32278719544410706,0.6135634183883667,0.6839596629142761,0.2757681906223297,0.1552068293094635,0.4748697280883789,0.2884853482246399,0.588951051235199,0.6961798667907715,0.26240968704223633,-0.3936077952384949,-2.0789029598236084,-7.6493120193481445,-5.488557815551758,2.7251055240631104,-2.9789462089538574
minimal-test-000502,5.543027877807617,0.36881651535924104,0.2610327899456024,0.810927152633667,0.88482266664505,0.35358119010925293,0.8202905654907227,0.7346199750900269,0.2612151503562927,0.8136321306228638,0.8119205236434937,0.33448299765586853,0.8516061305999756,0.711683452129364,0.0406663715839386,0.6032100915908813,-16.257177352905273,-4.258896827697754,6.983370780944824,-5.114844799041748
minimal-test-000503,3.5406625270843506,0.1731008961715868,0.2471332848072052,0.4163186848163605,0.6866726875305176,0.6884651184082031,0.6863232851028442,0.5112879276275635,0.24274137616157532,0.398129940032959,0.7103208303451538,0.6562727093696594,0.6931482553482056,0.5012696385383606,-0.9793956279754639,-4.056089878082275,5.27353572845459,-7.17890739440918,1.5219683647155762,-2.2340784072875977
minimal-test-000504,6.981784343719482,0.2227695543561189,0.24392756819725037,0.7274227738380432,0.200994610786438,0.502033531665802,0.5944936871528625,0.7462048530578613,0.2391270101070404,0.7018557786941528,0.17079512774944305,0.4420183002948761,0.6198246479034424,0.7042673826217651,-1.0705244541168213,-5.70143985748291,-6.734484672546387,-13.38339614868164,5.648804187774658,-9.352055549621582
minimal-test-000505,4.415381908416748,0.16041702462461302,0.3696179687976837,0.4112868309020996,0.4909728169441223,0.2069779485464096,0.7736015915870667,0.2890743911266327,0.3674764335155487,0.4192103147506714,0.44098779559135437,0.1718825101852417,0.7811657786369324,0.30516424775123596,-0.4775623679161072,1.7669368982315063,-11.146659851074219,-7.826282978057861,1.6868137121200562,3.5880379676818848
minimal-test-000506,3.91786789894104,0.3221182180056817,0.20676524937152863,0.6990809440612793,0.3898308575153351,0.272376149892807,0.6332230567932129,0.5193573832511902,0.20115269720554352,0.6931595802307129,0.36706310510635376,0.22917447984218597,0.6405578255653381,0.4987820088863373,-1.2515990734100342,-1.3204641342163086,-5.077208995819092,-9.63397216796875,1.6356534957885742,-4.588308334350586
minimal-test-000507,12.564849853515625,0.103285478889315,0.42554596066474915,0.6408749222755432,0.6990063190460205,0.8823239207267761,0.7981137037277222,0.8145701885223389,0.39761653542518616,0.5912958979606628,0.5952537655830383,0.7911155819892883,0.7982994318008423,0.7491575479507446,-6.228261947631836,-11.056122779846191,-23.13681983947754,-20.339460372924805,0.04141736030578613,-14.587018966674805
minimal-test-000508,2.795370101928711,0.25324379595316454,0.17264682054519653,0.1828007847070694,0.4758710265159607,0.4632834494113922,0.637177586555481,0.22307461500167847,0.177587628364563,0.19074749946594238,0.46506255865097046,0.4314954876899719,0.6534754037857056,0.21964463591575623,1.1018002033233643,1.7721173763275146,-2.4102883338928223,-7.088715553283691,3.634413242340088,-0.7648853063583374
minimal-test-000509,5.52369499206543,0.21088440358406224,0.24577650427818298,0.6889158487319946,0.45937639474868774,0.49923816323280334,0.7903160452842712,0.7459164261817932,0.24407479166984558,0.6755295395851135,0.40902626514434814,0.445488840341568,0.7981210947036743,0.7242893576622009,-0.3794819116592407,-2.985146999359131,-11.228078842163086,-11.986099243164062,1.7405259609222412,-4.822836399078369
minimal-test-000510,4.92452335357666,0.283011066626916,0.2247508466243744,0.2847430408000946,0.7329085469245911,0.38455986976623535,0.7668616771697998,0.8126551508903503,0.22890117764472961,0.2724919617176056,0.7005069255828857,0.3352857828140259,0.7832821011543274,0.7946543097496033,0.9255238175392151,-2.7319905757904053,-7.225561618804932,-10.988121032714844,3.661754608154297,-4.014187812805176
minimal-test-000511,5.036086559295654,0.40208550046236624,0.2211383879184723,0.6433430910110474,0.393737256526947,0.21672262251377106,0.7030242681503296,0.5834736824035645,0.21353788673877716,0.6445790529251099,0.34928086400032043,0.16757147014141083,0.7168532609939575,0.5642465949058533,-1.6949117183685303,0.2756195068359375,-9.913775444030762,-10.96070671081543,3.0838654041290283,-4.287640571594238
